Replication Id,Gantt ID,ID,Unit,Equipment ID,Equipment,Equipment type,Enzyme,SKU,Batch ID,Subbatch ID,Claim time,Release time,Start use,End use,Weight in (kg),Weight out (kg),Capacity available (kg),Time booked (hrs),Time used (hrs),Run week planned,Ferm sequence,Comments
1,4,9,UPROD,41,FAM1,FAM,BXN,23322,7,1,17652.799997999,17663.333358,17654.999997999,17663.333358,80750.0,161500.0,80750.0,10.5333600009981,8.33336000100098,0.0,0.0,
1,4,9,UPROD,42,FAM2,FAM,BXN,23322,7,1,17652.799997999,17663.333358,17654.999997999,17663.333358,80750.0,161500.0,80750.0,10.5333600009981,8.33336000100098,,,
1,6,10,UPROD,72,UF 8_9,UF,BXN,23322,7,1,17654.999997999,17664.305751,17656.805982999,17664.305751,161500.0,4614.285713999,161500.0,9.30575300100099,7.4997680009983,,,
1,5,10,UPROD,58,V21 group,F+L,BXN,23322,7,1,17652.799997999,17664.305751,17654.999997999,17664.305751,80750.0,161500.0,161500.0,11.5057530009981,9.30575300100099,,,
1,5,10,UPROD,59,V28 group,F+L,BXN,23322,7,1,17652.799997999,17664.305751,17654.999997999,17664.305751,80750.0,161500.0,161500.0,11.5057530009981,9.30575300100099,,,
1,3,10,UPROD,25,V01A,Harvest tank V01,PBN,4630,8,1,17659.600028,17667.000027999,17662.000027999,17667.000027999,120000.0,120000.0,125000.0,7.39999999900101,5.0,0.0,0.0,
1,2,11,UPROD,12,E2,Harvest tank E,GOX,4591,18,0,17644.0,17669.0,17644.0,17669.0,25000.0,25000.0,28000.0,25.0,25.0,,,
1,3,13,UPROD,28,V01D,Harvest tank V01,BXN,23322,7,1,17654.999997999,17671.666996,17654.999997999,17671.666996,161500.0,161500.0,175000.0,16.666998001001,16.666998001001,0.0,0.0,
1,4,15,UPROD,41,FAM1,FAM,BXN,23322,7,1,17663.333358,17671.666996,17663.333635999,17671.666996,80750.0,161500.0,80750.0,8.33363800000006,8.33336000100098,0.0,0.0,Parallel FAM
1,4,15,UPROD,42,FAM2,FAM,BXN,23322,7,1,17663.333358,17671.666996,17663.333635999,17671.666996,80750.0,161500.0,80750.0,8.33363800000006,8.33336000100098,,,
1,6,16,UPROD,74,UF 14_15,UF,BXN,23322,7,1,17663.333635999,17671.865395,17664.365628,17671.865395,161500.0,4614.285713999,161500.0,8.53175900100177,7.49976700000116,,,
1,5,16,UPROD,60,V25 group,F+L,BXN,23322,7,1,17663.333358,17671.865395,17663.333635999,17671.865395,80750.0,161500.0,161500.0,8.53203700000086,8.53175900100177,,,
1,5,16,UPROD,61,V24,F+L,BXN,23322,7,1,17663.333358,17671.865395,17663.333635999,17671.865395,80750.0,161500.0,161500.0,8.53203700000086,8.53175900100177,,,
1,1,16,UPROD,2,V140,Fermenter,PBN,4629,8,0,17638.000027999,17670.000027999,17638.000027999,17662.000027999,72000.0,72000.0,72000.0,32.0,24.0,0.0,2.0,
1,0,16,UPROD,160,Ino tank 2,Inoculum,GPP,17235,9,0,17581.000055,17673.000055,17581.000055,17673.000055,90000.0,90000.0,90000.0,92.0,92.0,0.0,3.0,
1,3,16,UPROD,27,V01C,Harvest tank V01,MAX,14825,13,2,17663.9,17675.0,17675.0,17675.0,120000.0,120000.0,125000.0,11.0999999999985,0.0,0.0,0.0,
1,4,16,UPROD,44,MF1/2,MF,MAX,14825,13,2,17675.0,17675.021648,17675.0,17675.021648,8888.888888999,22222.222222,8888.888888999,0.0216480000017327,0.0216480000017327,0.0,0.0,
1,6,17,UPROD,73,UF 11_12,UF,MAX,14825,13,2,17659.163066,17675.034952,17659.195496,17675.034952,55555.555555999,4629.62963,22222.222222,15.8718860000008,15.8394560000015,,,
1,5,17,UPROD,59,V28 group,F+L,MAX,14825,13,2,17675.0,17675.034952,17675.0,17675.034952,8888.888888999,22222.222222,22222.222222,0.0349520000017947,0.0349520000017947,,,
1,4,17,UPROD,44,MF1/2,MF,MAX,14825,13,2,17675.021648,17675.076002999,17675.021925,17675.076002999,22222.222222,55555.555555999,22222.222222,0.05435499899977,0.0540779990005831,0.0,0.0,
1,6,18,UPROD,74,UF 14_15,UF,MAX,14825,13,2,17675.021925,17675.076002999,17675.041383,17675.076002999,55555.555555999,4629.62963,55555.555555999,0.0540779990005831,0.034619999001734,,,
1,5,18,UPROD,60,V25 group,F+L,MAX,14825,13,2,17675.021648,17675.076002999,17675.021925,17675.076002999,22222.222222,55555.555555999,55555.555555999,0.05435499899977,0.0540779990005831,,,
1,4,18,UPROD,44,MF1/2,MF,MAX,14825,13,2,17675.076002999,17675.130357999,17675.076281,17675.130357999,22222.222222,55555.555555999,22222.222222,0.0543550000002142,0.0540769990002445,0.0,0.0,
1,6,19,UPROD,73,UF 11_12,UF,MAX,14825,13,2,17675.076281,17675.143662999,17675.110332,17675.143662999,55555.555555999,4629.62963,55555.555555999,0.067381998997007,0.0333309989982808,,,
1,5,19,UPROD,59,V28 group,F+L,MAX,14825,13,2,17675.076002999,17675.143662999,17675.076281,17675.143662999,22222.222222,55555.555555999,55555.555555999,0.0676599999969767,0.067381998997007,,,
1,5,9,UPROD,61,V24,F+L,MAX,14825,13,1,17659.162788,17659.215494,17659.163066,17659.215494,13333.333333,33333.333333,33333.333333,0.0527059999985795,0.052427999999054,,,
1,4,9,UPROD,44,MF1/2,MF,MAX,14825,13,1,17659.162788,17659.195522999,17659.163066,17659.195522999,13333.333333,33333.333333,13333.333333,0.0327349990002404,0.0324569990007149,0.0,0.0,
1,3,8,UPROD,25,V01A,Harvest tank V01,MAX,14825,13,1,17659.0,17659.195522999,17659.0,17659.195522999,80000.0,80000.0,125000.0,0.195522999001696,0.195522999001696,0.0,0.0,
1,5,7,UPROD,60,V25 group,F+L,MAX,14825,13,1,17659.108433,17659.162788,17659.108711,17659.162788,22222.222222,55555.555555999,55555.555555999,0.0543550000002142,0.0540770000006887,,,
1,6,7,UPROD,74,UF 14_15,UF,MAX,14825,13,1,17659.108711,17659.162788,17659.128167999,17659.162788,55555.555555999,4629.62963,55555.555555999,0.0540770000006887,0.0346200010026223,,,
1,4,6,UPROD,44,MF1/2,MF,MAX,14825,13,1,17659.108433,17659.162788,17659.108711,17659.162788,22222.222222,55555.555555999,22222.222222,0.0543550000002142,0.0540770000006887,0.0,0.0,
1,5,6,UPROD,61,V24,F+L,MAX,14825,13,1,17659.054077,17659.121737,17659.054355,17659.121737,22222.222222,55555.555555999,55555.555555999,0.0676600000006147,0.0673820000010892,,,
1,6,6,UPROD,73,UF 11_12,UF,MAX,14825,13,1,17659.054355,17659.121737,17659.088406999,17659.121737,55555.555555999,4629.62963,55555.555555999,0.0673820000010892,0.0333300010024686,,,
1,4,5,UPROD,44,MF1/2,MF,MAX,14825,13,1,17659.054077,17659.108433,17659.054355,17659.108433,22222.222222,55555.555555999,22222.222222,0.0543560000005527,0.0540780000010272,0.0,0.0,
1,5,5,UPROD,60,V25 group,F+L,MAX,14825,13,1,17659.0,17659.054077,17659.0,17659.054077,22222.222222,55555.555555999,55555.555555999,0.0540770000006887,0.0540770000006887,,,
1,6,5,UPROD,73,UF 11_12,UF,MAX,14825,13,1,17659.0,17659.054077,17659.019457999,17659.054077,55555.555555999,4629.62963,55555.555555999,0.0540770000006887,0.0346190010022838,,,
1,4,4,UPROD,44,MF1/2,MF,MAX,14825,13,1,17659.0,17659.054077,17659.0,17659.054077,22222.222222,55555.555555999,22222.222222,0.0540770000006887,0.0540770000006887,0.0,0.0,
1,2,4,UPROD,13,E3,Harvest tank E,MAX,14825,13,0,17605.0,17659.0,17605.0,17659.0,20000.0,20000.0,28000.0,54.0,54.0,,,
1,3,3,UPROD,25,V01A,Harvest tank V01,MAX,14825,13,1,17605.0,17659.0,17625.0,17659.0,80000.0,80000.0,125000.0,54.0,34.0,0.0,0.0,
1,3,3,UPROD,28,V01D,Harvest tank V01,BXN,23322,7,1,17621.7,17654.999997999,17627.0,17654.999997999,161500.0,161500.0,175000.0,33.2999979989982,27.9999979989989,0.0,0.0,
1,0,3,UPROD,159,Ino tank 1,Inoculum,PBN,4629,8,0,17608.000027999,17638.000027999,17608.000027999,17638.000027999,72000.0,72000.0,72000.0,30.0,30.0,0.0,2.0,
1,1,3,UPROD,2,V140,Fermenter,BXN,20322,7,0,17574.0,17635.0,17574.0,17627.0,87000.0,87000.0,87000.0,61.0,53.0,0.0,1.0,
1,2,2,UPROD,14,E4,Harvest tank E,MAX,14825,13,0,17605.0,17625.099999999,17621.0,17625.099999999,20000.0,20000.0,28000.0,20.0999999990017,4.09999999900174,,,
1,2,1,UPROD,12,E2,Harvest tank E,BXN,23322,7,0,17574.0,17621.7,17574.0,17621.7,0.0,0.0,28000.0,47.7000000000007,47.7000000000007,,,
1,0,0,UPROD,163,Ino tank 5,Inoculum,EDP-MF,25004,1,0,17514.0,17584.0,17514.0,17584.0,72000.0,72000.0,72000.0,70.0,70.0,0.0,1.0,
1,0,0,UPROD,162,Ino tank 4,Inoculum,BXN,20322,7,0,17541.0,17574.0,17541.0,17574.0,87000.0,87000.0,87000.0,33.0,33.0,0.0,1.0,
1,0,0,UPROD,161,Ino tank 3,Inoculum,MAX,4631,13,0,17450.0,17564.0,17450.0,17564.0,200000.0,200000.0,200000.0,114.0,114.0,0.0,1.0,
1,0,0,UPROD,160,Ino tank 2,Inoculum,GOX,4589,18,0,17493.0,17554.0,17493.0,17554.0,205000.0,205000.0,205000.0,61.0,61.0,0.0,1.0,
1,0,0,UPROD,159,Ino tank 1,Inoculum,XEA,15253,23,0,17488.0,17544.0,17488.0,17544.0,40000.0,40000.0,40000.0,56.0,56.0,0.0,1.0,
1,4,19,UPROD,44,MF1/2,MF,MAX,14825,13,2,17675.130357999,17675.184713999,17675.130636,17675.184713999,22222.222222,55555.555555999,22222.222222,0.0543559999969148,0.0540779989969451,0.0,0.0,
1,5,34,UPROD,58,V21 group,F+L,PBN,4630,8,1,17667.000027999,17693.664897999,17667.000027999,17693.664897999,120000.0,200399.999879999,200399.999879999,26.6648699999969,26.6648699999969,,,
1,3,34,UPROD,26,V01B,Harvest tank V01,GOX,4591,18,1,17688.999999,17693.664926,17688.999999,17689.016666,53658.536585,53658.536585,125000.0,4.66492700000163,0.0166669999998703,0.0,0.0,Waiting
1,6,36,UPROD,73,UF 11_12,UF,EDP-MF,14915,1,1,17681.0,17698.650225,17681.01363,17698.650225,83280.0,1850.666667,83280.0,17.6502250000012,17.6365949999999,,,
1,5,36,UPROD,59,V28 group,F+L,EDP-MF,14915,1,1,17681.0,17698.650225,17681.0,17698.650225,24000.0,83280.0,83280.0,17.6502250000012,17.6502250000012,,,
1,6,37,UPROD,74,UF 14_15,UF,EDP-MF,14915,1,1,17681.032738,17698.677121,17681.040527,17698.677121,83280.0,1850.666667,83280.0,17.6443829999989,17.6365939999996,,,
1,5,37,UPROD,60,V25 group,F+L,EDP-MF,14915,1,1,17681.032459999,17698.677121,17681.032738,17698.677121,24000.0,83280.0,83280.0,17.6446610009989,17.6443829999989,,,
1,1,37,UPROD,1,V100,Fermenter,EDP-MF,25004,1,0,17584.0,17696.0,17584.0,17681.0,72000.0,72000.0,72000.0,112.0,97.0,0.0,1.0,
1,0,37,UPROD,159,Ino tank 1,Inoculum,ASG,14469,2,0,17648.000027999,17699.000027999,17648.000027999,17699.000027999,70000.0,70000.0,70000.0,51.0,51.0,0.0,2.0,
1,6,38,UPROD,75,UF 7,UF,EDP-MF,14915,1,1,17681.065476,17699.482509,17681.079106,17699.482509,83280.0,1850.666667,83280.0,18.4170330000015,18.4034030000003,,,
1,5,38,UPROD,61,V24,F+L,EDP-MF,14915,1,1,17681.065198,17699.482509,17681.065476,17699.482509,24000.0,83280.0,83280.0,18.4173110000011,18.4170330000015,,,
1,7,39,UPROD,86,V301,V300,EDP-MF,14915,1,1,17681.065476,17700.482509,17681.065476,17699.482509,5552.0,5552.0,22500.0,19.4170330000015,18.4170330000015,0.0,0.0,
1,3,40,UPROD,26,V01B,Harvest tank V01,GOX,4591,18,1,17693.664926,17702.864085,17693.664926,17702.864085,53658.536585,53658.536585,125000.0,9.19915899999978,9.19915899999978,0.0,0.0,
1,4,41,UPROD,41,FAM1,FAM,GOX,4591,18,1,17686.999999,17702.864085,17693.664926,17702.864085,53658.536585,68682.926829,53658.536585,15.8640860000014,9.19915899999978,0.0,0.0,
1,7,42,UPROD,87,V302,V300,PBN,4630,8,1,17693.664897999,17706.664896999,17693.664897999,17705.664896999,1908.571427,1908.571427,22500.0,12.9999989999997,11.9999989999997,0.0,0.0,
1,5,42,UPROD,58,V21 group,F+L,GOX,4591,18,1,17693.664926,17714.612856,17693.664926,17714.612856,53658.536585,68682.926829,68682.926829,20.9479299999985,20.9479299999985,,,
1,3,42,UPROD,27,V01C,Harvest tank V01,GOX,4591,18,2,17681.799999999,17716.0,17696.0,17716.0,125000.0,125000.0,125000.0,34.2000000010012,20.0,0.0,0.0,
1,3,42,UPROD,28,V01D,Harvest tank V01,GOX,4591,18,3,17681.799999999,17716.0,17696.0,17716.0,41341.463414999,41341.463414999,175000.0,34.2000000010012,20.0,0.0,0.0,
1,2,43,UPROD,11,E1,Harvest tank E,XEA,15255,23,0,17544.0,17717.7,17544.0,17717.7,0.0,0.0,28000.0,173.700000000001,173.700000000001,,,
1,1,44,UPROD,4,V218,Fermenter,GOX,4589,18,0,17554.0,17720.0,17554.0,17696.0,205000.0,205000.0,205000.0,166.0,142.0,0.0,1.0,
1,0,44,UPROD,162,Ino tank 4,Inoculum,EDX,4681,19,0,17663.000027999,17723.000027999,17663.000027999,17723.000027999,260000.0,260000.0,260000.0,60.0,60.0,0.0,2.0,
1,3,45,UPROD,28,V01D,Harvest tank V01,GOX,4591,18,3,17716.0,17723.08754,17716.0,17723.08754,41341.463414999,41341.463414999,175000.0,7.08754000000044,7.08754000000044,0.0,0.0,
1,4,46,UPROD,42,FAM2,FAM,GOX,4591,18,3,17714.0,17723.08754,17716.0,17723.08754,41341.463414999,52917.073170999,41341.463414999,9.08754000000044,7.08754000000044,0.0,0.0,
1,4,46,UPROD,41,FAM1,FAM,GOX,4591,18,2,17714.0,17725.659115999,17716.0,17725.659115999,56341.463414999,72117.073170999,56341.463414999,11.6591159989985,9.65911599899846,0.0,0.0,
1,5,46,UPROD,60,V25 group,F+L,GOX,4591,18,3,17714.0,17731.20644,17716.0,17731.20644,41341.463414999,52917.073170999,52917.073170999,17.2064400000017,15.2064400000017,,,
1,6,20,UPROD,74,UF 14_15,UF,MAX,14825,13,2,17675.130636,17675.184713999,17675.150094,17675.184713999,55555.555555999,4629.62963,55555.555555999,0.0540779989969451,0.034619998998096,,,
1,5,20,UPROD,60,V25 group,F+L,MAX,14825,13,2,17675.130357999,17675.184713999,17675.130636,17675.184713999,22222.222222,55555.555555999,55555.555555999,0.0543559999969148,0.0540779989969451,,,
1,4,20,UPROD,44,MF1/2,MF,MAX,14825,13,2,17675.184713999,17675.239068999,17675.184990999,17675.239068999,22222.222222,55555.555555999,22222.222222,0.0543550000002142,0.0540779999973893,0.0,0.0,
1,6,21,UPROD,73,UF 11_12,UF,MAX,14825,13,2,17675.184990999,17675.252372999,17675.219043,17675.252372999,55555.555555999,4629.62963,55555.555555999,0.0673819999974512,0.0333299989979423,,,
1,5,21,UPROD,59,V28 group,F+L,MAX,14825,13,2,17675.184713999,17675.252372999,17675.184990999,17675.252372999,22222.222222,55555.555555999,55555.555555999,0.0676590000002761,0.0673819999974512,,,
1,3,22,UPROD,27,V01C,Harvest tank V01,MAX,14825,13,2,17675.0,17675.293424,17675.0,17675.293424,120000.0,120000.0,125000.0,0.293423999999504,0.293423999999504,0.0,0.0,
1,4,23,UPROD,44,MF1/2,MF,MAX,14825,13,2,17675.239068999,17675.293424,17675.239346999,17675.293424,22222.222222,55555.555555999,22222.222222,0.0543550010006584,0.0540770010011329,0.0,0.0,
1,6,24,UPROD,74,UF 14_15,UF,MAX,14825,13,2,17675.239346999,17675.293424,17675.258805,17675.293424,55555.555555999,4629.62963,55555.555555999,0.0540770010011329,0.0346189999982016,,,
1,5,24,UPROD,60,V25 group,F+L,MAX,14825,13,2,17675.239068999,17675.293424,17675.239346999,17675.293424,22222.222222,55555.555555999,55555.555555999,0.0543550010006584,0.0540770010011329,,,
1,7,25,UPROD,86,V301,V300,MAX,14825,13,1,17659.052789,17676.034952,17659.052789,17675.034952,18518.518519,18518.518519,22500.0,16.9821630000006,15.9821630000006,0.0,0.0,
1,7,26,UPROD,87,V302,V300,BXN,23322,7,1,17664.305751,17677.30575,17664.305751,17676.30575,9228.571428999,9228.571428999,22500.0,12.9999989999997,11.9999989999997,0.0,0.0,
1,3,26,UPROD,29,V01E,Harvest tank V01,EDP-MF,14915,1,1,17671.299999999,17681.0,17681.0,17681.0,72000.0,72000.0,178000.0,9.70000000100117,0.0,0.0,0.0,
1,4,26,UPROD,44,MF1/2,MF,EDP-MF,14915,1,1,17681.0,17681.032459999,17681.0,17681.032459999,24000.0,83280.0,24000.0,0.0324599990017305,0.0324599990017305,0.0,0.0,
1,4,26,UPROD,44,MF1/2,MF,EDP-MF,14915,1,1,17681.032459999,17681.065198,17681.032738,17681.065198,24000.0,83280.0,24000.0,0.0327380009985063,0.0324599999985367,0.0,0.0,
1,3,27,UPROD,29,V01E,Harvest tank V01,EDP-MF,14915,1,1,17681.0,17681.097935999,17681.0,17681.097935999,72000.0,72000.0,178000.0,0.0979359990014927,0.0979359990014927,0.0,0.0,
1,4,28,UPROD,44,MF1/2,MF,EDP-MF,14915,1,1,17681.065198,17681.097935999,17681.065476,17681.097935999,24000.0,83280.0,24000.0,0.032737999001256,0.0324599990017305,0.0,0.0,
1,3,30,UPROD,25,V01A,Harvest tank V01,PBN,4630,8,1,17667.000027999,17687.604449999,17667.000027999,17687.604449999,120000.0,120000.0,125000.0,20.6044219999967,20.6044219999967,0.0,0.0,
1,4,31,UPROD,43,FAM3,FAM,PBN,4630,8,1,17667.000027999,17687.604449999,17667.000027999,17687.604449999,120000.0,200399.999879999,120000.0,20.6044219999967,20.6044219999967,0.0,0.0,
1,7,32,UPROD,88,V303,V300,MAX,14825,13,2,17675.074713999,17688.074713999,17675.074713999,17687.074713999,18518.518519,18518.518519,22500.0,13.0,12.0,0.0,0.0,
1,7,33,UPROD,89,V304,V300,MAX,14825,13,2,17675.292135,17688.292135,17675.292135,17687.292135,4629.62963,4629.62963,22500.0,13.0,12.0,0.0,0.0,
1,3,33,UPROD,26,V01B,Harvest tank V01,GOX,4591,18,1,17644.0,17688.999999,17654.0,17688.999999,53658.536585,53658.536585,125000.0,44.9999989999997,34.9999989999997,0.0,0.0,
1,6,60,UPROD,74,UF 14_15,UF,XEA,15255,23,1,17737.0,17794.257753,17740.036182,17794.257753,222200.0,7167.741935,222200.0,57.2577530000017,54.2215710000019,,,
1,5,60,UPROD,60,V25 group,F+L,XEA,15255,23,1,17737.0,17794.257753,17737.0,17794.257753,110000.0,222200.0,222200.0,57.2577530000017,57.2577530000017,,,
1,6,62,UPROD,72,UF 8_9,UF,XEA,15255,23,1,17737.760966,17796.534889999,17742.313319,17796.534889999,222200.0,7167.741935,30300.0,58.7739239989969,54.2215709989978,,,
1,5,62,UPROD,58,V21 group,F+L,XEA,15255,23,1,17770.732011,17796.534889999,17770.732289,17796.534889999,15000.0,30300.0,30300.0,25.8028789989985,25.802600998999,,,
1,1,62,UPROD,2,V140,Fermenter,GPP,17235,9,0,17673.000055,17796.000055,17673.000055,17770.000055,90000.0,90000.0,90000.0,123.0,97.0,0.0,3.0,
1,0,62,UPROD,159,Ino tank 1,Inoculum,ARF,4555,10,0,17761.000082999,17799.000082999,17761.000082999,17799.000082999,222170.0,222170.0,222170.0,38.0,38.0,0.0,4.0,
1,7,63,UPROD,86,V301,V300,XEA,15255,23,1,17789.141038999,17802.141038999,17789.141038999,17801.141038999,14335.483871,14335.483871,22500.0,13.0,12.0,0.0,0.0,
1,3,63,UPROD,28,V01D,Harvest tank V01,GPP,20656,9,1,17760.300055,17810.000055,17770.000055,17810.000055,162000.0,162000.0,175000.0,49.7000000000007,40.0,0.0,0.0,
1,2,64,UPROD,14,E4,Harvest tank E,EDX,4683,19,0,17785.100054999,17811.200055,17806.100054999,17811.200055,20000.0,20000.0,28000.0,26.1000000010026,5.10000000100263,,,
1,2,65,UPROD,12,E2,Harvest tank E,EDX,4683,19,0,17785.100054999,17811.200055,17797.100054999,17811.200055,20000.0,20000.0,28000.0,26.1000000010026,14.1000000010026,,,
1,1,66,UPROD,3,V200,Fermenter,GPP,17235,14,0,17689.000027999,17812.000027999,17689.000027999,17786.000027999,160000.0,160000.0,160000.0,123.0,97.0,0.0,2.0,
1,0,66,UPROD,160,Ino tank 2,Inoculum,CIN,17510,15,0,17711.000055,17815.000055,17711.000055,17815.000055,200000.0,200000.0,200000.0,104.0,104.0,0.0,3.0,
1,4,66,UPROD,41,FAM1,FAM,GPP,20656,9,1,17808.000055,17815.30356,17810.000055,17815.30356,54000.0,99900.0,54000.0,7.30350499999986,5.30350499999986,0.0,0.0,
1,3,66,UPROD,29,V01E,Harvest tank V01,EDX,4683,19,1,17785.100054999,17819.100054999,17811.200055,17819.100054999,104000.0,104000.0,178000.0,34.0,7.89999999899737,0.0,0.0,
1,4,66,UPROD,41,FAM1,FAM,GPP,20656,9,1,17815.30356,17820.607341999,17815.303836999,17820.607341999,54000.0,99900.0,54000.0,5.3037819989986,5.30350499999986,0.0,0.0,
1,3,66,UPROD,27,V01C,Harvest tank V01,GPP,20656,14,1,17752.000027999,17825.100027,17785.100028,17825.100027,69370.675,69370.675,125000.0,73.0999990009987,39.9999989999997,0.0,0.0,
1,3,67,UPROD,28,V01D,Harvest tank V01,GPP,20656,9,1,17810.000055,17825.911123999,17810.000055,17825.911123999,162000.0,162000.0,175000.0,15.9110689990011,15.9110689990011,0.0,0.0,
1,4,68,UPROD,41,FAM1,FAM,GPP,20656,9,1,17820.607341999,17825.911123999,17820.607619999,17825.911123999,54000.0,99900.0,54000.0,5.30378200000268,5.30350400000316,0.0,0.0,
1,3,68,UPROD,25,V01A,Harvest tank V01,GPP,20656,14,2,17785.100028,17826.000026999,17786.000027999,17826.000026999,125000.0,125000.0,125000.0,40.8999989990007,39.9999989999997,0.0,0.0,
1,3,68,UPROD,26,V01B,Harvest tank V01,GPP,20656,14,3,17785.100028,17826.000026999,17786.000027999,17826.000026999,57886.324999999,57886.324999999,125000.0,40.8999989990007,39.9999989999997,0.0,0.0,
1,6,69,UPROD,72,UF 8_9,UF,GPP,20656,9,1,17810.000055,17835.576078999,17811.85813,17835.576078999,99900.0,3996.0,99900.0,25.5760239990013,23.7179489990012,,,
1,5,69,UPROD,58,V21 group,F+L,GPP,20656,9,1,17808.000055,17835.576078999,17810.000055,17835.576078999,54000.0,99900.0,99900.0,27.5760239990013,25.5760239990013,,,
1,3,69,UPROD,27,V01C,Harvest tank V01,GPP,20656,14,1,17825.100027,17835.576106,17825.100027,17825.116694,69370.675,69370.675,125000.0,10.476079,0.0166669999998703,0.0,0.0,Waiting
1,4,69,UPROD,42,FAM2,FAM,EDX,4683,19,1,17819.100054999,17837.663352,17819.100054999,17837.663352,84500.0,136890.0,84500.0,18.563297001001,18.563297001001,0.0,0.0,
1,4,69,UPROD,43,FAM3,FAM,GPP,20656,14,1,17823.100027,17840.531094,17835.576106,17840.531094,50451.4,93335.089999999,50451.4,17.4310670000013,4.95498800000132,0.0,0.0,
1,6,70,UPROD,73,UF 11_12,UF,GPP,20656,9,1,17815.303836999,17840.879861,17817.161912,17840.879861,99900.0,3996.0,99900.0,25.5760240010022,23.7179490000017,,,
1,5,70,UPROD,59,V28 group,F+L,GPP,20656,9,1,17815.30356,17840.879861,17815.303836999,17840.879861,54000.0,99900.0,99900.0,25.576301000001,25.5760240010022,,,
1,3,70,UPROD,25,V01A,Harvest tank V01,GPP,20656,14,2,17826.000026999,17840.879889,17826.000026999,17826.016694,125000.0,125000.0,125000.0,14.8798620009984,0.0166670010003145,0.0,0.0,Waiting
1,1,33,UPROD,3,V200,Fermenter,MAX,4631,13,0,17564.0,17686.0,17564.0,17675.0,200000.0,200000.0,200000.0,122.0,111.0,0.0,1.0,
1,0,33,UPROD,161,Ino tank 3,Inoculum,GPP,17235,14,0,17597.000027999,17689.000027999,17597.000027999,17689.000027999,160000.0,160000.0,160000.0,92.0,92.0,0.0,2.0,
1,6,34,UPROD,72,UF 8_9,UF,PBN,4630,8,1,17667.000027999,17693.664897999,17670.5986,17693.664897999,200399.999879999,1908.571427,200399.999879999,26.6648699999969,23.0662979989975,,,
1,3,46,UPROD,25,V01A,Harvest tank V01,XEA,15255,23,1,17717.7,17737.0,17737.0,17737.0,125000.0,125000.0,125000.0,19.2999999999993,0.0,0.0,0.0,
1,3,46,UPROD,26,V01B,Harvest tank V01,XEA,15255,23,2,17717.7,17737.0,17737.0,17737.0,95000.0,95000.0,125000.0,19.2999999999993,0.0,0.0,0.0,
1,3,47,UPROD,27,V01C,Harvest tank V01,GOX,4591,18,2,17716.0,17737.430129,17716.0,17737.430129,125000.0,125000.0,125000.0,21.4301290000003,21.4301290000003,0.0,0.0,
1,4,48,UPROD,41,FAM1,FAM,GOX,4591,18,2,17725.659115999,17737.430129,17725.659393999,17737.430129,68658.536584999,87882.926829,68658.536584999,11.7710130010018,11.7707350009987,0.0,0.0,
1,6,49,UPROD,72,UF 8_9,UF,GOX,4591,18,2,17693.664926,17737.760937999,17698.352693,17737.760937999,140800.0,5199.999998999,72117.073170999,44.0960119989977,39.4082449989983,,,
1,5,49,UPROD,59,V28 group,F+L,GOX,4591,18,2,17714.0,17737.760937999,17716.0,17737.760937999,56341.463414999,72117.073170999,72117.073170999,23.760937998999,21.760937998999,,,
1,6,51,UPROD,73,UF 11_12,UF,GOX,4591,18,2,17716.0,17752.012057,17718.678724,17752.012057,140800.0,5199.999998999,87882.926829,36.0120569999999,33.3333329999987,,,
1,5,51,UPROD,58,V21 group,F+L,GOX,4591,18,2,17725.659115999,17752.012057,17725.659393999,17752.012057,68658.536584999,87882.926829,87882.926829,26.3529410010015,26.3526630009983,,,
1,7,52,UPROD,86,V301,V300,GOX,4591,18,2,17714.612856,17753.012057,17714.612856,17752.012057,10399.999999,10399.999999,22500.0,38.3992010000002,37.3992010000002,0.0,0.0,
1,1,52,UPROD,5,V42,Fermenter,XEA,15253,23,0,17544.0,17752.0,17544.0,17737.0,40000.0,40000.0,40000.0,208.0,193.0,0.0,1.0,
1,3,79,UPROD,29,V01E,Harvest tank V01,EDX,4683,19,1,17819.100054999,17851.498745,17819.100054999,17851.498745,104000.0,104000.0,178000.0,32.3986900010023,32.3986900010023,0.0,0.0,
1,4,80,UPROD,42,FAM2,FAM,EDX,4683,19,1,17837.663352,17851.498745,17847.214886,17851.498745,19500.0,31590.0,19500.0,13.8353930000012,4.28385899999921,0.0,0.0,
1,3,80,UPROD,27,V01C,Harvest tank V01,ASG,19765,2,1,17850.962178,17853.000027999,17853.000027999,17853.000027999,75000.0,75000.0,125000.0,2.03784999900017,0.0,0.0,0.0,
1,4,80,UPROD,41,FAM1,FAM,GPP,20656,14,2,17845.834876,17853.935821999,17850.838945,17853.935821999,31532.125,58334.43125,31532.125,8.10094599899821,3.09687699899951,0.0,0.0,
1,3,80,UPROD,28,V01D,Harvest tank V01,EDX,4683,19,3,17831.900028,17854.100054999,17854.100054999,17854.100054999,156000.0,156000.0,175000.0,22.2000269989985,0.0,0.0,0.0,
1,6,81,UPROD,73,UF 11_12,UF,GPP,20656,14,2,17840.879889,17854.407767,17842.737964,17854.407767,93335.089999999,3733.4036,93335.089999999,13.5278780000008,11.6698030000007,,,
1,5,81,UPROD,59,V28 group,F+L,GPP,20656,14,2,17840.879889,17854.407767,17840.879889,17854.407767,50451.4,93335.089999999,93335.089999999,13.5278780000008,13.5278780000008,,,
1,3,81,UPROD,26,V01B,Harvest tank V01,GPP,20656,14,3,17826.000026999,17854.407794999,17826.000026999,17826.016694,57886.324999999,57886.324999999,125000.0,28.4077679999973,0.0166670010003145,0.0,0.0,Waiting
1,5,81,UPROD,58,V21 group,F+L,GPP,20656,14,1,17849.104013,17855.528533,17849.104013,17855.528533,18919.275,35000.65875,35000.65875,6.42452000000048,6.42452000000048,,,
1,3,81,UPROD,30,V01F,Harvest tank V01,EDX,4683,19,2,17846.100054999,17855.528559999,17846.100054999,17846.116721999,78000.0,78000.0,178000.0,9.42850499999986,0.0166669999998703,0.0,0.0,Waiting
1,5,81,UPROD,61,V24,F+L,EDX,4683,19,1,17847.214886,17858.197190999,17847.214886,17858.197190999,19500.0,31590.0,31590.0,10.9823049989973,10.9823049989973,,,
1,3,81,UPROD,27,V01C,Harvest tank V01,ASG,19765,2,1,17853.000027999,17858.197218,17853.000027999,17853.016694,75000.0,75000.0,125000.0,5.1971900009994,0.0166660009999759,0.0,0.0,Waiting
1,3,82,UPROD,27,V01C,Harvest tank V01,ASG,19765,2,1,17858.197218,17858.329454999,17858.197218,17858.329454999,75000.0,75000.0,125000.0,0.132236998997541,0.132236998997541,0.0,0.0,
1,4,83,UPROD,44,MF1/2,MF,ASG,19765,2,1,17853.000027999,17858.329454999,17858.197218,17858.329454999,75000.0,230249.999925,75000.0,5.32942699999694,0.132236998997541,0.0,0.0,
1,6,84,UPROD,74,UF 14_15,UF,ASG,19765,2,1,17858.197218,17858.329454999,17858.217315,17858.329454999,230249.999925,2990.259739,230249.999925,0.132236998997541,0.112139998997009,,,
1,5,84,UPROD,61,V24,F+L,ASG,19765,2,1,17858.197218,17858.329454999,17858.197218,17858.329454999,75000.0,230249.999925,230249.999925,0.132236998997541,0.132236998997541,,,
1,4,84,UPROD,43,FAM3,FAM,GPP,20656,14,3,17850.962178,17859.362783,17854.407794999,17859.362783,50451.4,93335.089999999,50451.4,8.4006049999989,4.95498800100177,0.0,0.0,
1,3,87,UPROD,25,V01A,Harvest tank V01,GPP,20656,14,2,17840.879889,17862.554268,17840.879889,17862.554268,125000.0,125000.0,125000.0,21.674379,21.674379,0.0,0.0,
1,4,88,UPROD,41,FAM1,FAM,GPP,20656,14,2,17853.935821999,17862.554268,17858.329483,17862.554268,43016.474999999,79580.478749999,43016.474999999,8.61844600100085,4.22478499999852,0.0,0.0,
1,6,89,UPROD,75,UF 7,UF,GPP,20656,14,2,17849.104013,17863.139274,17850.962088,17863.139274,93335.089999999,3733.4036,58334.43125,14.0352610000009,12.1771860000008,,,
1,5,89,UPROD,60,V25 group,F+L,GPP,20656,14,2,17850.838943999,17863.139274,17850.838945,17863.139274,31532.125,58334.43125,58334.43125,12.3003300010023,12.3003290000015,,,
1,3,90,UPROD,26,V01B,Harvest tank V01,GPP,20656,14,3,17854.407794999,17863.869533,17854.407794999,17863.869533,57886.324999999,57886.324999999,125000.0,9.46173800100223,9.46173800100223,0.0,0.0,
1,4,91,UPROD,43,FAM3,FAM,GPP,20656,14,3,17859.362783,17863.869533,17863.139302,17863.869533,7434.925,13754.61125,7434.925,4.50675000000047,0.730231000001368,0.0,0.0,
1,1,91,UPROD,1,V100,Fermenter,ASG,14469,2,0,17699.000027999,17861.000027999,17699.000027999,17853.000027999,70000.0,70000.0,70000.0,162.0,154.0,0.0,2.0,
1,0,91,UPROD,159,Ino tank 1,Inoculum,ROM,24455,3,0,17831.000055,17864.000055,17831.000055,17864.000055,102000.0,102000.0,102000.0,33.0,33.0,0.0,3.0,
1,1,91,UPROD,4,V218,Fermenter,EDX,4681,19,0,17785.100054999,17861.100054999,17785.100054999,17854.100054999,260000.0,260000.0,260000.0,76.0,69.0,0.0,2.0,
1,6,92,UPROD,73,UF 11_12,UF,GPP,20656,14,3,17855.528533,17867.935674,17856.265869999,17867.935674,93335.089999999,3733.4036,93335.089999999,12.4071409999997,11.6698040010015,,,
1,5,92,UPROD,59,V28 group,F+L,GPP,20656,14,3,17854.407794999,17867.935674,17854.407794999,17867.935674,50451.4,93335.089999999,93335.089999999,13.5278790010016,13.5278790010016,,,
1,3,92,UPROD,28,V01D,Harvest tank V01,EDX,4683,19,3,17854.100054999,17867.935700999,17854.100054999,17854.116721999,156000.0,156000.0,175000.0,13.8356460000032,0.0166669999998703,0.0,0.0,Waiting
1,4,92,UPROD,42,FAM2,FAM,EDX,4683,19,2,17851.498772999,17869.808025999,17855.528559999,17869.808025999,65000.0,105300.0,65000.0,18.3092529999994,14.279466,0.0,0.0,
1,5,92,UPROD,61,V24,F+L,GPP,20656,14,2,17858.329483,17870.137605,17858.329483,17870.137605,43016.474999999,79580.478749999,79580.478749999,11.8081219999985,11.8081219999985,,,
1,7,93,UPROD,88,V303,V300,ASG,19765,2,1,17858.300738999,17871.300738999,17858.300738999,17870.300738999,2990.259739,2990.259739,22500.0,13.0,12.0,0.0,0.0,
1,2,53,UPROD,12,E2,Harvest tank E,GPP,20656,9,0,17673.000055,17760.300055,17673.000055,17760.300055,0.0,0.0,28000.0,87.2999999999993,87.2999999999993,,,
1,3,54,UPROD,26,V01B,Harvest tank V01,XEA,15255,23,2,17737.0,17766.132194999,17737.0,17766.132194999,95000.0,95000.0,125000.0,29.1321949990015,29.1321949990015,0.0,0.0,
1,4,55,UPROD,43,FAM3,FAM,XEA,15255,23,2,17737.0,17766.132194999,17737.0,17766.132194999,95000.0,191900.0,95000.0,29.1321949990015,29.1321949990015,0.0,0.0,
1,4,55,UPROD,42,FAM2,FAM,XEA,15255,23,1,17737.0,17770.732011,17737.0,17770.732011,110000.0,222200.0,110000.0,33.7320110000001,33.7320110000001,0.0,0.0,
1,3,56,UPROD,25,V01A,Harvest tank V01,XEA,15255,23,1,17737.0,17775.332133,17737.0,17775.332133,125000.0,125000.0,125000.0,38.3321329999999,38.3321329999999,0.0,0.0,
1,4,57,UPROD,42,FAM2,FAM,XEA,15255,23,1,17770.732011,17775.332133,17770.732289,17775.332133,15000.0,30300.0,15000.0,4.60012199999983,4.5998440000003,0.0,0.0,
1,2,58,UPROD,14,E4,Harvest tank E,GPP,20656,14,0,17752.000027999,17785.100028,17785.000027999,17785.100028,22000.0,22000.0,28000.0,33.100000000999,0.100000000998989,,,
1,2,59,UPROD,11,E1,Harvest tank E,GPP,20656,14,0,17752.000027999,17785.100028,17752.000027999,17785.100028,22000.0,22000.0,28000.0,33.100000000999,33.100000000999,,,
1,1,59,UPROD,4,V218,Fermenter,EDX,4681,19,0,17723.000027999,17775.000027999,17723.000027999,17775.000027999,260000.0,260000.0,260000.0,52.0,52.0,0.0,2.0,
1,1,59,UPROD,4,V218,Fermenter,EDX,4681,19,0,17775.000027999,17785.100054999,17775.000027999,17785.100054999,260000.0,260000.0,260000.0,10.1000269999968,10.1000269999968,0.0,2.0,Waiting
1,5,59,UPROD,61,V24,F+L,XEA,15255,23,2,17737.0,17789.141038999,17737.0,17789.141038999,95000.0,191900.0,191900.0,52.1410389990015,52.1410389990015,,,
1,5,72,UPROD,61,V24,F+L,GPP,20656,9,1,17820.607341999,17847.214857999,17820.607619999,17847.214857999,54000.0,99900.0,99900.0,26.607516,26.6072380000005,,,
1,7,73,UPROD,86,V301,V300,GPP,20656,9,1,17820.607619999,17848.214857999,17820.607619999,17847.214857999,11988.0,11988.0,22500.0,27.6072380000005,26.6072380000005,0.0,0.0,
1,6,74,UPROD,72,UF 8_9,UF,GPP,20656,14,1,17835.576106,17849.103985,17837.434181,17849.103985,93335.089999999,3733.4036,93335.089999999,13.5278790000011,11.669804000001,,,
1,5,74,UPROD,58,V21 group,F+L,GPP,20656,14,1,17835.576106,17849.103985,17835.576106,17849.103985,50451.4,93335.089999999,93335.089999999,13.5278790000011,13.5278790000011,,,
1,6,75,UPROD,74,UF 14_15,UF,EDX,4683,19,1,17819.100054999,17850.838917,17821.812199,17850.838917,136890.0,4277.8125,136890.0,31.7388620010024,29.026718000001,,,
1,5,75,UPROD,60,V25 group,F+L,EDX,4683,19,1,17819.100054999,17850.838917,17819.100054999,17850.838917,84500.0,136890.0,136890.0,31.7388620010024,31.7388620010024,,,
1,3,76,UPROD,27,V01C,Harvest tank V01,GPP,20656,14,1,17835.576106,17850.962149999,17835.576106,17850.962149999,69370.675,69370.675,125000.0,15.3860439989985,15.3860439989985,0.0,0.0,
1,4,77,UPROD,43,FAM3,FAM,GPP,20656,14,1,17840.531094,17850.962149999,17849.104013,17850.962149999,18919.275,35000.65875,18919.275,10.4310559989972,1.85813699899882,0.0,0.0,
1,2,78,UPROD,13,E3,Harvest tank E,ASG,19765,2,0,17699.000027999,17850.962178,17699.000027999,17850.962178,0.0,0.0,28000.0,151.962150001,151.962150001,,,
1,4,70,UPROD,41,FAM1,FAM,GPP,20656,14,2,17825.911152,17845.834876,17840.879889,17845.834876,50451.4,93335.089999999,50451.4,19.9237240000002,4.95498700000098,0.0,0.0,
1,3,70,UPROD,30,V01F,Harvest tank V01,EDX,4683,19,2,17785.100054999,17846.100054999,17846.100054999,17846.100054999,78000.0,78000.0,178000.0,61.0,0.0,0.0,0.0,
1,2,71,UPROD,11,E1,Harvest tank E,EDX,4683,19,0,17785.100054999,17846.100054999,17785.100054999,17846.100054999,20000.0,20000.0,28000.0,61.0,61.0,,,
1,6,72,UPROD,75,UF 7,UF,GPP,20656,9,1,17820.607619999,17847.214857999,17822.465694999,17847.214857999,99900.0,3996.0,99900.0,26.6072380000005,24.7491630000004,,,
1,6,94,UPROD,74,UF 14_15,UF,GPP,20656,14,3,17858.329483,17871.857361999,17860.187558,17871.857361999,93335.089999999,3733.4036,13754.61125,13.527878998997,11.6698039989969,,,
1,5,94,UPROD,60,V25 group,F+L,GPP,20656,14,3,17863.139302,17871.857361999,17863.139302,17871.857361999,7434.925,13754.61125,13754.61125,8.7180599989988,8.7180599989988,,,
1,7,95,UPROD,86,V301,V300,GPP,20656,14,2,17849.103985,17872.857361999,17849.103985,17871.857361999,18667.018,18667.018,22500.0,23.7533769989968,22.7533769989968,0.0,0.0,
1,3,96,UPROD,30,V01F,Harvest tank V01,EDX,4683,19,2,17855.528559999,17872.993547999,17855.528559999,17872.993547999,78000.0,78000.0,178000.0,17.4649880000034,17.4649880000034,0.0,0.0,
1,4,97,UPROD,42,FAM2,FAM,EDX,4683,19,2,17869.808025999,17872.993547999,17870.137632999,17872.993547999,13000.0,21060.0,13000.0,3.1855220000034,2.8559150000001,0.0,0.0,
1,0,97,UPROD,161,Ino tank 3,Inoculum,EDP,11901,20,0,17794.000055,17874.000055,17794.000055,17874.000055,200000.0,200000.0,200000.0,80.0,80.0,0.0,3.0,
1,5,97,UPROD,61,V24,F+L,EDX,4683,19,2,17870.137632999,17877.459169,17870.137632999,17877.459169,13000.0,21060.0,21060.0,7.32153600099991,7.32153600099991,,,
1,6,98,UPROD,72,UF 8_9,UF,EDX,4683,19,2,17849.104013,17882.603056,17851.498716999,17882.603056,136890.0,4277.8125,105300.0,33.4990429999998,31.1043390009982,,,
1,5,98,UPROD,58,V21 group,F+L,EDX,4683,19,2,17855.528559999,17882.603056,17855.528559999,17882.603056,65000.0,105300.0,105300.0,27.0744960010015,27.0744960010015,,,
1,4,98,UPROD,41,FAM1,FAM,EDX,4683,19,3,17862.554295,17886.498997999,17867.935700999,17886.498997999,84500.0,136890.0,84500.0,23.9447029989969,18.563296999997,0.0,0.0,
1,2,99,UPROD,13,E3,Harvest tank E,CIN,20634,15,0,17856.000055,17896.100054999,17888.000055,17896.100054999,20000.0,20000.0,28000.0,40.0999999989981,8.0999999989981,,,
1,2,100,UPROD,12,E2,Harvest tank E,CIN,20634,15,0,17856.000055,17896.100054999,17872.000055,17896.100054999,20000.0,20000.0,28000.0,40.0999999989981,24.0999999989981,,,
1,6,101,UPROD,73,UF 11_12,UF,EDX,4683,19,3,17867.935700999,17901.708671,17872.681952999,17901.708671,136890.0,4277.8125,136890.0,33.7729700009986,29.0267180010014,,,
1,5,101,UPROD,59,V28 group,F+L,EDX,4683,19,3,17867.935700999,17901.708671,17867.935700999,17901.708671,84500.0,136890.0,136890.0,33.7729700009986,33.7729700009986,,,
1,3,102,UPROD,28,V01D,Harvest tank V01,EDX,4683,19,3,17867.935700999,17902.206685,17867.935700999,17902.206685,156000.0,156000.0,175000.0,34.2709840009993,34.2709840009993,0.0,0.0,
1,4,103,UPROD,41,FAM1,FAM,EDX,4683,19,3,17886.498997999,17902.206685,17886.499275999,17902.206685,71500.0,115830.0,71500.0,15.7076870010023,15.7074090010028,0.0,0.0,
1,3,103,UPROD,29,V01E,Harvest tank V01,CIN,20634,15,1,17856.000055,17914.000055,17914.000055,17914.000055,80224.0,80224.0,178000.0,58.0,0.0,0.0,0.0,
1,2,104,UPROD,11,E1,Harvest tank E,CIN,20634,15,0,17856.000055,17914.000055,17856.000055,17914.000055,20000.0,20000.0,28000.0,58.0,58.0,,,
1,1,104,UPROD,2,V140,Fermenter,ARF,4555,10,0,17799.000082999,17857.000082999,17799.000082999,17857.000082999,222170.0,222170.0,222170.0,58.0,58.0,0.0,4.0,
1,1,104,UPROD,2,V140,Fermenter,ARF,4555,10,0,17857.000082999,17914.000082999,17857.000082999,17914.000082999,222170.0,222170.0,222170.0,57.0,57.0,0.0,4.0,Waiting
1,4,104,UPROD,44,MF1/2,MF,CIN,20634,15,1,17914.000055,17914.069985999,17914.000055,17914.069985999,22284.444444,67744.711110999,22284.444444,0.0699309990013717,0.0699309990013717,0.0,0.0,
1,6,105,UPROD,72,UF 8_9,UF,CIN,20634,15,1,17914.000055,17914.088587999,17914.036169999,17914.088587999,67744.711110999,3565.511110999,67744.711110999,0.0885329989978345,0.0524179999993066,,,
1,5,105,UPROD,59,V28 group,F+L,CIN,20634,15,1,17914.000055,17914.088587999,17914.000055,17914.088587999,22284.444444,67744.711110999,67744.711110999,0.0885329989978345,0.0885329989978345,,,
1,4,105,UPROD,44,MF1/2,MF,CIN,20634,15,1,17914.069985999,17914.140194,17914.070264,17914.140194,22284.444444,67744.711110999,22284.444444,0.070208000997809,0.0699299999978393,0.0,0.0,
1,6,106,UPROD,73,UF 11_12,UF,CIN,20634,15,1,17914.070264,17914.143318999,17914.090901,17914.143318999,67744.711110999,3565.511110999,67744.711110999,0.0730549989966676,0.0524179989988625,,,
1,5,106,UPROD,60,V25 group,F+L,CIN,20634,15,1,17914.069985999,17914.143318999,17914.070264,17914.143318999,22284.444444,67744.711110999,67744.711110999,0.0733329999966372,0.0730549989966676,,,
1,4,106,UPROD,44,MF1/2,MF,CIN,20634,15,1,17914.140194,17914.210403,17914.140471999,17914.210403,22284.444444,67744.711110999,22284.444444,0.0702090000013413,0.06993100100226,0.0,0.0,
1,6,107,UPROD,72,UF 8_9,UF,CIN,20634,15,1,17914.140471999,17914.229005,17914.176587,17914.229005,67744.711110999,3565.511110999,67744.711110999,0.0885330010023608,0.0524179999993066,,,
1,5,107,UPROD,59,V28 group,F+L,CIN,20634,15,1,17914.140194,17914.229005,17914.140471999,17914.229005,22284.444444,67744.711110999,67744.711110999,0.0888110000014422,0.0885330010023608,,,
1,3,108,UPROD,29,V01E,Harvest tank V01,CIN,20634,15,1,17914.000055,17914.252649999,17914.000055,17914.252649999,80224.0,80224.0,178000.0,0.252594999001303,0.252594999001303,0.0,0.0,
1,4,109,UPROD,44,MF1/2,MF,CIN,20634,15,1,17914.210403,17914.252649999,17914.21068,17914.252649999,13370.666667,40646.826667,13370.666667,0.0422469990007812,0.0419699990015943,0.0,0.0,
1,5,109,UPROD,60,V25 group,F+L,CIN,20634,15,1,17914.210403,17914.262768,17914.21068,17914.262768,13370.666667,40646.826667,40646.826667,0.0523649999995541,0.0520880000003672,,,
1,6,110,UPROD,74,UF 14_15,UF,EDX,4683,19,3,17871.857389,17915.806595999,17872.993521,17915.806595999,136890.0,4277.8125,115830.0,43.949206999001,42.8130749990014,,,
1,5,110,UPROD,58,V21 group,F+L,EDX,4683,19,3,17886.498997999,17915.806595999,17886.499275999,17915.806595999,71500.0,115830.0,115830.0,29.3075980000031,29.3073200000035,,,
1,7,111,UPROD,87,V302,V300,EDX,4683,19,3,17850.838917,17916.806595999,17850.838917,17915.806595999,17111.25,17111.25,22500.0,65.9676789990008,64.9676789990008,0.0,0.0,
1,2,112,UPROD,13,E3,Harvest tank E,ROM,24478,3,0,17896.100083,17928.200083,17920.100083,17928.200083,10000.0,10000.0,28000.0,32.0999999999985,8.09999999999854,,,
1,2,113,UPROD,14,E4,Harvest tank E,ARF,4557,10,0,17914.000082999,17933.100083,17924.000082999,17933.100083,16000.0,16000.0,28000.0,19.1000000010026,9.10000000100263,,,
1,3,113,UPROD,28,V01D,Harvest tank V01,CIN,20634,15,2,17923.900054999,17936.000055,17936.000055,17936.000055,120336.0,120336.0,175000.0,12.100000000999,0.0,0.0,0.0,
1,4,113,UPROD,44,MF1/2,MF,CIN,20634,15,2,17936.000055,17936.028043999,17936.000055,17936.028043999,8913.777777999,27097.884443999,8913.777777999,0.0279889989978983,0.0279889989978983,0.0,0.0,
1,6,114,UPROD,73,UF 11_12,UF,CIN,20634,15,2,17914.21068,17936.048983,17914.231317,17936.048983,67744.711110999,3565.511110999,27097.884443999,21.8383030000005,21.817665999999,,,
1,5,114,UPROD,58,V21 group,F+L,CIN,20634,15,2,17936.000055,17936.048983,17936.000055,17936.048983,8913.777777999,27097.884443999,27097.884443999,0.04892800000016,0.04892800000016,,,
1,4,114,UPROD,44,MF1/2,MF,CIN,20634,15,2,17936.028043999,17936.098253,17936.028321999,17936.098253,22284.444444,67744.711110999,22284.444444,0.0702090010017855,0.069931000998622,0.0,0.0,
1,6,115,UPROD,72,UF 8_9,UF,CIN,20634,15,2,17936.028321999,17936.116855,17936.064437,17936.116855,67744.711110999,3565.511110999,67744.711110999,0.0885330009987229,0.0524179999993066,,,
1,5,115,UPROD,59,V28 group,F+L,CIN,20634,15,2,17936.028043999,17936.116855,17936.028321999,17936.116855,22284.444444,67744.711110999,67744.711110999,0.0888110010018863,0.0885330009987229,,,
1,4,115,UPROD,44,MF1/2,MF,CIN,20634,15,2,17936.098253,17936.168461,17936.098529999,17936.168461,22284.444444,67744.711110999,22284.444444,0.0702080000010028,0.06993100100226,0.0,0.0,
1,6,116,UPROD,73,UF 11_12,UF,CIN,20634,15,2,17936.098529999,17936.187063,17936.134644999,17936.187063,67744.711110999,3565.511110999,67744.711110999,0.0885330010023608,0.0524180009997508,,,
1,5,116,UPROD,58,V21 group,F+L,CIN,20634,15,2,17936.098253,17936.187063,17936.098529999,17936.187063,22284.444444,67744.711110999,67744.711110999,0.0888100000011036,0.0885330010023608,,,
1,4,116,UPROD,44,MF1/2,MF,CIN,20634,15,2,17936.168461,17936.238668999,17936.168739,17936.238668999,22284.444444,67744.711110999,22284.444444,0.0702079990005586,0.0699299990010331,0.0,0.0,
1,6,117,UPROD,72,UF 8_9,UF,CIN,20634,15,2,17936.168739,17936.257270999,17936.204854,17936.257270999,67744.711110999,3565.511110999,67744.711110999,0.088531999001134,0.0524169990021619,,,
1,5,117,UPROD,59,V28 group,F+L,CIN,20634,15,2,17936.168461,17936.257270999,17936.168739,17936.257270999,22284.444444,67744.711110999,67744.711110999,0.0888099990006594,0.088531999001134,,,
1,4,117,UPROD,44,MF1/2,MF,CIN,20634,15,2,17936.238668999,17936.308878,17936.238947,17936.308878,22284.444444,67744.711110999,22284.444444,0.0702090009981475,0.0699309999981779,0.0,0.0,
1,6,118,UPROD,73,UF 11_12,UF,CIN,20634,15,2,17936.238947,17936.32748,17936.275062,17936.32748,67744.711110999,3565.511110999,67744.711110999,0.0885329999982787,0.0524179999993066,,,
1,5,118,UPROD,58,V21 group,F+L,CIN,20634,15,2,17936.238668999,17936.32748,17936.238947,17936.32748,22284.444444,67744.711110999,67744.711110999,0.0888110009982483,0.0885329999982787,,,
1,3,119,UPROD,28,V01D,Harvest tank V01,CIN,20634,15,2,17936.000055,17936.379086,17936.000055,17936.379086,120336.0,120336.0,175000.0,0.379031000000396,0.379031000000396,0.0,0.0,
1,4,120,UPROD,44,MF1/2,MF,CIN,20634,15,2,17936.308878,17936.379086,17936.309154999,17936.379086,22284.444444,67744.711110999,22284.444444,0.0702080000010028,0.06993100100226,0.0,0.0,
1,6,121,UPROD,72,UF 8_9,UF,CIN,20634,15,2,17936.309154999,17936.397688,17936.34527,17936.397688,67744.711110999,3565.511110999,67744.711110999,0.0885330010023608,0.0524179999993066,,,
1,5,121,UPROD,59,V28 group,F+L,CIN,20634,15,2,17936.308878,17936.397688,17936.309154999,17936.397688,22284.444444,67744.711110999,67744.711110999,0.0888100000011036,0.0885330010023608,,,
1,7,122,UPROD,86,V301,V300,CIN,20634,15,2,17914.088587999,17937.187063,17914.088587999,17936.187063,21393.066666999,21393.066666999,22500.0,23.098475001003,22.098475001003,0.0,0.0,
1,1,123,UPROD,3,V200,Fermenter,CIN,17510,15,0,17815.000055,17945.000055,17815.000055,17936.000055,200000.0,200000.0,200000.0,130.0,121.0,0.0,3.0,
1,0,123,UPROD,160,Ino tank 2,Inoculum,MAX,4631,16,0,17834.000082999,17948.000082999,17834.000082999,17948.000082999,200000.0,200000.0,200000.0,114.0,114.0,0.0,4.0,
1,7,124,UPROD,87,V302,V300,CIN,20634,15,2,17936.257270999,17949.257270999,17936.257270999,17948.257270999,10696.533332999,10696.533332999,22500.0,13.0,12.0,0.0,0.0,
1,2,125,UPROD,12,E2,Harvest tank E,ROM,24478,3,0,17896.100083,17959.100083,17896.100083,17959.100083,10000.0,10000.0,28000.0,63.0,63.0,,,
1,1,125,UPROD,4,V218,Fermenter,EDP,11901,20,0,17874.000055,17946.000055,17874.000055,17946.000055,200000.0,200000.0,200000.0,72.0,72.0,0.0,3.0,
1,1,125,UPROD,4,V218,Fermenter,EDP,11901,20,0,17946.000055,17959.100111,17946.000055,17959.100111,200000.0,200000.0,200000.0,13.1000559999993,13.1000559999993,0.0,3.0,Waiting
1,3,125,UPROD,26,V01B,Harvest tank V01,ARF,4557,10,1,17914.000082999,17973.000082999,17973.000082999,17973.000082999,110445.154611,110445.154611,125000.0,59.0,0.0,0.0,0.0,
1,3,125,UPROD,25,V01A,Harvest tank V01,ROM,24478,3,1,17896.100083,17983.100083,17959.100083,17983.100083,102000.0,102000.0,125000.0,87.0,24.0,0.0,0.0,
1,3,126,UPROD,26,V01B,Harvest tank V01,ARF,4557,10,1,17973.000082999,17992.376454,17973.000082999,17992.376454,110445.154611,110445.154611,125000.0,19.3763710010026,19.3763710010026,0.0,0.0,Parallel FAM
1,4,128,UPROD,41,FAM1,FAM,ARF,4557,10,1,17973.000082999,17992.376454,17973.000082999,17992.376454,110445.154611,178921.150469999,110445.154611,19.3763710010026,19.3763710010026,0.0,0.0,Parallel FAM
1,4,128,UPROD,42,FAM2,FAM,ARF,4557,10,1,17973.000082999,17992.376454,17973.000082999,17992.376454,110445.154611,178921.150469999,110445.154611,19.3763710010026,19.3763710010026,,,
1,1,128,UPROD,1,V100,Fermenter,ROM,24455,3,0,17864.000055,17969.100083,17864.000055,17969.100083,102000.0,102000.0,102000.0,105.100028000001,105.100028000001,0.0,3.0,
1,1,128,UPROD,1,V100,Fermenter,ROM,24455,3,0,17969.100083,17992.376480999,17969.100083,17992.376480999,102000.0,102000.0,102000.0,23.2763979989977,23.2763979989977,0.0,3.0,Waiting
1,4,128,UPROD,43,FAM3,FAM,ROM,24478,3,1,17980.700083,17994.147510999,17983.100083,17994.147510999,57800.0,84966.0,57800.0,13.447427998999,11.0474279989976,0.0,0.0,
1,5,128,UPROD,58,V21 group,F+L,ARF,4557,10,1,17973.000082999,17997.205836,17973.000082999,17997.205836,110445.154611,178921.150469999,178921.150469999,24.2057530010024,24.2057530010024,,,
1,5,128,UPROD,59,V28 group,F+L,ARF,4557,10,1,17973.000082999,17997.205836,17973.000082999,17997.205836,110445.154611,178921.150469999,178921.150469999,24.2057530010024,24.2057530010024,,,
1,3,129,UPROD,25,V01A,Harvest tank V01,ROM,24478,3,1,17983.100083,18002.595829,17983.100083,18002.595829,102000.0,102000.0,125000.0,19.4957460000005,19.4957460000005,0.0,0.0,
1,4,130,UPROD,43,FAM3,FAM,ROM,24478,3,1,17994.147510999,18002.595829,17994.147788999,18002.595829,44200.0,64974.0,44200.0,8.44831800100292,8.44804000100339,0.0,0.0,
1,6,131,UPROD,73,UF 11_12,UF,ROM,24478,3,1,17983.100083,18003.313695,17985.700510999,18003.313695,84966.0,2124.15,84966.0,20.2136119999996,17.6131840010021,,,
1,5,131,UPROD,60,V25 group,F+L,ROM,24478,3,1,17980.700083,18003.313695,17983.100083,18003.313695,57800.0,84966.0,84966.0,22.613612000001,20.2136119999996,,,
1,3,131,UPROD,27,V01C,Harvest tank V01,ARF,4557,10,2,17914.000082999,18004.000082999,18004.000082999,18004.000082999,55222.577305999,55222.577305999,125000.0,90.0,0.0,0.0,0.0,
1,2,132,UPROD,11,E1,Harvest tank E,ARF,4557,10,0,17914.000082999,18004.000082999,17914.000082999,18004.000082999,16000.0,16000.0,28000.0,90.0,90.0,,,
1,4,132,UPROD,41,FAM1,FAM,ARF,4557,10,2,18004.000082999,18007.044819999,18004.000082999,18007.044819999,17354.845388999,28114.84953,17354.845388999,3.04473700000017,3.04473700000017,0.0,0.0,Parallel FAM
1,4,132,UPROD,42,FAM2,FAM,ARF,4557,10,2,18004.000082999,18007.044819999,18004.000082999,18007.044819999,17354.845388999,28114.84953,17354.845388999,3.04473700000017,3.04473700000017,,,
1,2,134,UPROD,14,E4,Harvest tank E,EDP,11905,20,0,17959.100111,18009.200110999,17999.100111,18009.200110999,20000.0,20000.0,28000.0,50.0999999990017,10.0999999990017,,,
1,2,135,UPROD,13,E3,Harvest tank E,EDP,11905,20,0,17959.100111,18009.200110999,17979.100111,18009.200110999,20000.0,20000.0,28000.0,50.0999999990017,30.0999999990017,,,
1,1,135,UPROD,3,V200,Fermenter,MAX,4631,16,0,17948.000082999,17989.000082999,17948.000082999,17989.000082999,200000.0,200000.0,200000.0,41.0,41.0,0.0,4.0,
1,1,135,UPROD,3,V200,Fermenter,MAX,4631,16,0,17989.000082999,18009.200139,17989.000082999,18009.200139,200000.0,200000.0,200000.0,20.2000560010019,20.2000560010019,0.0,4.0,Waiting
1,1,135,UPROD,1,V100,Fermenter,ROM,24455,3,0,17992.376480999,18007.376480999,17992.376480999,17992.376480999,102000.0,102000.0,102000.0,15.0,0.0,0.0,3.0,
1,0,135,UPROD,159,Ino tank 1,Inoculum,FUR,10996,4,0,17944.376509,18010.376509,17944.376509,18010.376509,70000.0,70000.0,70000.0,66.0,66.0,0.0,4.0,
1,6,136,UPROD,72,UF 8_9,UF,ARF,4557,10,2,17973.000082999,18010.7426,17977.548491,18010.7426,207036.0,2326.247190999,28114.84953,37.7425170010029,33.194109,,,
1,5,136,UPROD,58,V21 group,F+L,ARF,4557,10,2,18004.000082999,18010.7426,18004.000082999,18010.7426,17354.845388999,28114.84953,28114.84953,6.74251700100285,6.74251700100285,,,
1,5,136,UPROD,59,V28 group,F+L,ARF,4557,10,2,18004.000082999,18010.7426,18007.045097999,18010.7426,17354.845388999,28114.84953,28114.84953,6.74251700100285,3.69750200100316,,,
1,5,136,UPROD,61,V24,F+L,ROM,24478,3,1,17994.147510999,18012.167443999,17994.147788999,18012.167443999,44200.0,64974.0,64974.0,18.0199329999996,18.0196550000001,,,
1,3,137,UPROD,27,V01C,Harvest tank V01,ARF,4557,10,2,18004.000082999,18013.688588,18004.000082999,18013.688588,55222.577305999,55222.577305999,125000.0,9.68850500100234,9.68850500100234,0.0,0.0,
1,4,139,UPROD,41,FAM1,FAM,ARF,4557,10,2,18007.044819999,18013.688588,18007.045097999,18013.688588,37867.731916999,61345.725705999,37867.731916999,6.64376800100217,6.64349000100265,0.0,0.0,Parallel FAM
1,4,139,UPROD,42,FAM2,FAM,ARF,4557,10,2,18007.044819999,18013.688588,18007.045097999,18013.688588,37867.731916999,61345.725705999,37867.731916999,6.64376800100217,6.64349000100265,,,
1,5,139,UPROD,60,V25 group,F+L,ARF,4557,10,2,18007.044819999,18015.950814,18007.045097999,18015.950814,37867.731916999,61345.725705999,61345.725705999,8.90599400100109,8.90571600100157,,,
1,3,139,UPROD,26,V01B,Harvest tank V01,ROM,24478,3,2,17992.376480999,18016.376480999,17992.376480999,18016.376480999,71400.0,71400.0,125000.0,24.0,24.0,0.0,0.0,
1,3,139,UPROD,28,V01D,Harvest tank V01,ARF,4557,10,3,17944.800082999,18018.000082999,18018.000082999,18018.000082999,89932.268083,89932.268083,175000.0,73.1999999999971,0.0,0.0,0.0,
1,4,139,UPROD,41,FAM1,FAM,ROM,24478,3,2,18013.976481,18018.975897,18016.376480999,18018.975897,13600.0,19992.0,13600.0,4.99941599999875,2.59941600100137,0.0,0.0,
1,6,140,UPROD,74,UF 14_15,UF,ROM,24478,3,2,17994.147788999,18023.120148,17998.698539,18023.120148,84966.0,2124.15,19992.0,28.9723590010035,24.4216090000009,,,
1,5,140,UPROD,58,V21 group,F+L,ROM,24478,3,2,18013.976481,18023.120148,18016.376480999,18023.120148,13600.0,19992.0,19992.0,9.14366700000028,6.7436670010029,,,
1,2,141,UPROD,12,E2,Harvest tank E,EDP,11905,20,0,17959.100111,18029.100111,17959.100111,18029.100111,20000.0,20000.0,28000.0,70.0,70.0,,,
1,2,142,UPROD,13,E3,Harvest tank E,MAX,14825,16,0,18009.200139,18029.300138999,18025.200139,18029.300138999,20000.0,20000.0,28000.0,20.0999999989981,4.0999999989981,,,
1,3,143,UPROD,26,V01B,Harvest tank V01,ROM,24478,3,2,18016.376480999,18030.023604,18016.376480999,18030.023604,71400.0,71400.0,125000.0,13.6471230010029,13.6471230010029,0.0,0.0,
1,4,144,UPROD,41,FAM1,FAM,ROM,24478,3,2,18018.975897,18030.023604,18018.976175,18030.023604,57800.0,84966.0,57800.0,11.0477070000015,11.047429000002,0.0,0.0,
1,3,145,UPROD,28,V01D,Harvest tank V01,ARF,4557,10,3,18018.000082999,18033.777701999,18018.000082999,18033.777701999,89932.268083,89932.268083,175000.0,15.7776190000004,15.7776190000004,0.0,0.0,Parallel FAM
1,4,147,UPROD,42,FAM2,FAM,ARF,4557,10,3,18018.000082999,18033.777701999,18018.000082999,18033.777701999,89932.268083,145690.274294,89932.268083,15.7776190000004,15.7776190000004,0.0,0.0,Parallel FAM
1,4,147,UPROD,43,FAM3,FAM,ARF,4557,10,3,18018.000082999,18033.777701999,18018.000082999,18033.777701999,89932.268083,145690.274294,89932.268083,15.7776190000004,15.7776190000004,,,
1,3,147,UPROD,29,V01E,Harvest tank V01,EDP,11905,20,1,17959.100111,18036.100111,18009.100111,18036.100111,108000.0,108000.0,178000.0,77.0,27.0,0.0,0.0,
1,6,148,UPROD,73,UF 11_12,UF,ARF,4557,10,3,18007.045097999,18038.554893,18009.211007,18038.554893,207036.0,2326.247190999,145690.274294,31.5097950010022,29.3438859999987,,,
1,5,148,UPROD,59,V28 group,F+L,ARF,4557,10,3,18018.000082999,18038.554893,18018.000082999,18038.554893,89932.268083,145690.274294,145690.274294,20.5548100010019,20.5548100010019,,,
1,5,148,UPROD,60,V25 group,F+L,ARF,4557,10,3,18018.000082999,18038.554893,18018.000082999,18038.554893,89932.268083,145690.274294,145690.274294,20.5548100010019,20.5548100010019,,,
1,7,149,UPROD,86,V301,V300,ARF,4557,10,2,17997.205836,18039.554893,17997.205836,18038.554893,4652.494381999,4652.494381999,22500.0,42.3490569999994,41.3490569999994,0.0,0.0,
1,6,150,UPROD,72,UF 8_9,UF,ROM,24478,3,2,18018.976175,18041.140109,18023.526924999,18041.140109,84966.0,2124.15,84966.0,22.1639340000002,17.6131840009984,,,
1,5,150,UPROD,61,V24,F+L,ROM,24478,3,2,18018.975897,18041.140109,18018.976175,18041.140109,57800.0,84966.0,84966.0,22.1642119999997,22.1639340000002,,,
1,7,151,UPROD,87,V302,V300,ROM,24478,3,2,18003.313695,18042.140109,18003.313695,18041.140109,6372.449999999,6372.449999999,22500.0,38.8264139999992,37.8264139999992,0.0,0.0,
1,3,151,UPROD,30,V01F,Harvest tank V01,EDP,11905,20,2,18010.800055,18046.100111,18039.100111,18046.100111,162000.0,162000.0,178000.0,35.300056,7.0,0.0,0.0,
1,4,151,UPROD,41,FAM1,FAM,EDP,11905,20,1,18035.400110999,18049.855996999,18036.100111,18049.855996999,67500.0,132300.0,67500.0,14.4558859999997,13.7558859989986,0.0,0.0,
1,1,152,UPROD,4,V218,Fermenter,EDP,11901,20,0,17959.100111,18054.100111,17959.100111,18039.100111,200000.0,200000.0,200000.0,95.0,80.0,0.0,3.0,
1,0,152,UPROD,160,Ino tank 2,Inoculum,TAN,13133,21,0,18003.100138,18057.100138,18003.100138,18057.100138,151000.0,151000.0,151000.0,54.0,54.0,0.0,4.0,
1,3,153,UPROD,29,V01E,Harvest tank V01,EDP,11905,20,1,18036.100111,18058.109818,18036.100111,18058.109818,108000.0,108000.0,178000.0,22.0097070000011,22.0097070000011,0.0,0.0,
1,4,154,UPROD,41,FAM1,FAM,EDP,11905,20,1,18049.855996999,18058.109818,18049.856274999,18058.109818,40500.0,79380.0,40500.0,8.25382100100251,8.25354300099934,0.0,0.0,
1,4,154,UPROD,42,FAM2,FAM,EDP,11905,20,2,18045.400110999,18059.855996999,18046.100111,18059.855996999,67500.0,132300.0,67500.0,14.4558859999997,13.7558859989986,0.0,0.0,
1,3,154,UPROD,25,V01A,Harvest tank V01,MAX,14825,16,1,18009.200139,18063.200138,18063.200138,18063.200138,80000.0,80000.0,125000.0,53.9999989999997,0.0,0.0,0.0,
1,2,155,UPROD,11,E1,Harvest tank E,MAX,14825,16,0,18009.200139,18063.200138,18009.200139,18063.200138,20000.0,20000.0,28000.0,53.9999989999997,53.9999989999997,,,
1,1,156,UPROD,2,V140,Fermenter,ARF,4555,10,0,17914.000082999,18068.000199999,17914.000082999,18018.000082999,222170.0,222170.0,222170.0,154.000117000003,104.0,0.0,4.0,
1,0,156,UPROD,159,Ino tank 1,Inoculum,MAM,10998,11,0,18038.000228,18071.000228,18038.000228,18071.000228,144000.0,144000.0,144000.0,33.0,33.0,0.0,5.0,
1,5,156,UPROD,60,V25 group,F+L,EDP,11905,20,1,18049.855996999,18071.334597,18049.856274999,18071.334597,40500.0,79380.0,79380.0,21.4786000010026,21.4783220009995,,,
1,3,156,UPROD,25,V01A,Harvest tank V01,MAX,14825,16,1,18063.200138,18071.334625,18063.200138,18063.216805,80000.0,80000.0,125000.0,8.13448699999935,0.0166669999998703,0.0,0.0,Waiting
1,4,156,UPROD,44,MF1/2,MF,MAX,14825,16,1,18063.200138,18071.388702,18071.334625,18071.388702,22222.222222,55555.555555999,22222.222222,8.18856400000004,0.0540770000006887,0.0,0.0,
1,6,157,UPROD,75,UF 7,UF,MAX,14825,16,1,18071.334625,18071.388863,18071.354082999,18071.388863,55555.555555999,4629.62963,55555.555555999,0.0542380000006233,0.0347800009985804,,,
1,5,157,UPROD,60,V25 group,F+L,MAX,14825,16,1,18071.334625,18071.388863,18071.334625,18071.388863,22222.222222,55555.555555999,55555.555555999,0.0542380000006233,0.0542380000006233,,,
1,4,157,UPROD,44,MF1/2,MF,MAX,14825,16,1,18071.388702,18071.443058,18071.38898,18071.443058,22222.222222,55555.555555999,22222.222222,0.0543560000005527,0.0540780000010272,0.0,0.0,
1,6,158,UPROD,75,UF 7,UF,MAX,14825,16,1,18071.38898,18071.443218,18071.408437999,18071.443218,55555.555555999,4629.62963,55555.555555999,0.0542380000006233,0.0347800009985804,,,
1,5,158,UPROD,60,V25 group,F+L,MAX,14825,16,1,18071.388889999,18071.443218,18071.38898,18071.443218,22222.222222,55555.555555999,55555.555555999,0.0543280009987939,0.0542380000006233,,,
1,4,158,UPROD,44,MF1/2,MF,MAX,14825,16,1,18071.443058,18071.497413,18071.443336,18071.497413,22222.222222,55555.555555999,22222.222222,0.0543550000002142,0.0540770000006887,0.0,0.0,
1,6,159,UPROD,75,UF 7,UF,MAX,14825,16,1,18071.443336,18071.497573,18071.462792999,18071.497573,55555.555555999,4629.62963,55555.555555999,0.0542370000002848,0.0347800010022183,,,
1,5,159,UPROD,60,V25 group,F+L,MAX,14825,16,1,18071.443245999,18071.497573,18071.443336,18071.497573,22222.222222,55555.555555999,55555.555555999,0.0543270010020933,0.0542370000002848,,,
1,3,160,UPROD,25,V01A,Harvest tank V01,MAX,14825,16,1,18071.334625,18071.530148,18071.334625,18071.530148,80000.0,80000.0,125000.0,0.19552300000214,0.19552300000214,0.0,0.0,
1,4,161,UPROD,44,MF1/2,MF,MAX,14825,16,1,18071.497413,18071.530148,18071.497691,18071.530148,13333.333333,33333.333333,13333.333333,0.0327350000006845,0.032457000001159,0.0,0.0,
1,5,161,UPROD,60,V25 group,F+L,MAX,14825,16,1,18071.497600999,18071.538016999,18071.497691,18071.538016999,13333.333333,33333.333333,33333.333333,0.0404159999998228,0.0403259989980143,,,
1,6,162,UPROD,74,UF 14_15,UF,EDP,11905,20,1,18036.100111,18072.070605,18039.739226999,18072.070605,132300.0,5292.0,132300.0,35.9704940000011,32.3313780009994,,,
1,5,162,UPROD,58,V21 group,F+L,EDP,11905,20,1,18035.400110999,18072.070605,18036.100111,18072.070605,67500.0,132300.0,132300.0,36.6704940010022,35.9704940000011,,,
1,2,163,UPROD,12,E2,Harvest tank E,FUR,11010,4,0,18029.100138999,18072.476509,18029.100138999,18072.476509,0.0,0.0,28000.0,43.3763700009986,43.3763700009986,,,
1,2,164,UPROD,14,E4,Harvest tank E,FUR,11010,4,0,18029.100138999,18072.476509,18029.100138999,18072.476509,0.0,0.0,28000.0,43.3763700009986,43.3763700009986,,,
1,4,164,UPROD,42,FAM2,FAM,EDP,11905,20,2,18059.855996999,18073.19813,18059.856274999,18073.19813,27000.0,52920.0,27000.0,13.3421330010024,13.3418550009992,0.0,0.0,
1,3,164,UPROD,26,V01B,Harvest tank V01,MAX,14825,16,2,18047.900083,18079.200138,18079.200138,18079.200138,120000.0,120000.0,125000.0,31.3000549999997,0.0,0.0,0.0,
1,4,164,UPROD,44,MF1/2,MF,MAX,14825,16,2,18079.200138,18079.221785999,18079.200138,18079.221785999,8888.888888999,22222.222222,8888.888888999,0.0216479990012886,0.0216479990012886,0.0,0.0,
1,6,165,UPROD,75,UF 7,UF,MAX,14825,16,2,18071.497691,18079.233508,18071.517148999,18079.233508,55555.555555999,4629.62963,22222.222222,7.73581700000068,7.71635900100227,,,
1,5,165,UPROD,60,V25 group,F+L,MAX,14825,16,2,18079.200138,18079.233508,18079.200138,18079.233508,8888.888888999,22222.222222,22222.222222,0.033370000001014,0.033370000001014,,,
1,4,165,UPROD,44,MF1/2,MF,MAX,14825,16,2,18079.221785999,18079.287614,18079.233536,18079.287614,22222.222222,55555.555555999,22222.222222,0.0658280009993177,0.0540780000010272,0.0,0.0,
1,6,166,UPROD,75,UF 7,UF,MAX,14825,16,2,18079.233536,18079.287774,18079.252993999,18079.287774,55555.555555999,4629.62963,55555.555555999,0.0542380000006233,0.0347800009985804,,,
1,5,166,UPROD,60,V25 group,F+L,MAX,14825,16,2,18079.233536,18079.287774,18079.233536,18079.287774,22222.222222,55555.555555999,55555.555555999,0.0542380000006233,0.0542380000006233,,,
1,4,166,UPROD,44,MF1/2,MF,MAX,14825,16,2,18079.287614,18079.341969,18079.287891,18079.341969,22222.222222,55555.555555999,22222.222222,0.0543550000002142,0.0540780000010272,0.0,0.0,
1,6,167,UPROD,75,UF 7,UF,MAX,14825,16,2,18079.287891,18079.342129,18079.307348999,18079.342129,55555.555555999,4629.62963,55555.555555999,0.0542380000006233,0.0347800010022183,,,
1,5,167,UPROD,60,V25 group,F+L,MAX,14825,16,2,18079.287801999,18079.342129,18079.287891,18079.342129,22222.222222,55555.555555999,55555.555555999,0.0543270010020933,0.0542380000006233,,,
1,4,167,UPROD,44,MF1/2,MF,MAX,14825,16,2,18079.341969,18079.396324,18079.342247,18079.396324,22222.222222,55555.555555999,22222.222222,0.0543550000002142,0.0540770000006887,0.0,0.0,
1,6,168,UPROD,75,UF 7,UF,MAX,14825,16,2,18079.342247,18079.396484,18079.361704999,18079.396484,55555.555555999,4629.62963,55555.555555999,0.0542370000002848,0.0347790010018798,,,
1,5,168,UPROD,60,V25 group,F+L,MAX,14825,16,2,18079.342156999,18079.396484,18079.342247,18079.396484,22222.222222,55555.555555999,55555.555555999,0.0543270010020933,0.0542370000002848,,,
1,4,168,UPROD,44,MF1/2,MF,MAX,14825,16,2,18079.396324,18079.45068,18079.396602,18079.45068,22222.222222,55555.555555999,22222.222222,0.0543560000005527,0.0540780000010272,0.0,0.0,
1,6,169,UPROD,75,UF 7,UF,MAX,14825,16,2,18079.396602,18079.45084,18079.41606,18079.45084,55555.555555999,4629.62963,55555.555555999,0.0542380000006233,0.0347800000017742,,,
1,5,169,UPROD,60,V25 group,F+L,MAX,14825,16,2,18079.396511999,18079.45084,18079.396602,18079.45084,22222.222222,55555.555555999,55555.555555999,0.0543280010024318,0.0542380000006233,,,
1,3,170,UPROD,26,V01B,Harvest tank V01,MAX,14825,16,2,18079.200138,18079.505034999,18079.200138,18079.505034999,120000.0,120000.0,125000.0,0.304896999001357,0.304896999001357,0.0,0.0,
1,4,171,UPROD,44,MF1/2,MF,MAX,14825,16,2,18079.45068,18079.505034999,18079.450957,18079.505034999,22222.222222,55555.555555999,22222.222222,0.05435499899977,0.0540779990005831,0.0,0.0,
1,6,172,UPROD,75,UF 7,UF,MAX,14825,16,2,18079.450957,18079.505195,18079.470415,18079.505195,55555.555555999,4629.62963,55555.555555999,0.0542380000006233,0.0347800000017742,,,
1,5,172,UPROD,60,V25 group,F+L,MAX,14825,16,2,18079.450868,18079.505195,18079.450957,18079.505195,22222.222222,55555.555555999,55555.555555999,0.0543270000016491,0.0542380000006233,,,
1,6,173,UPROD,72,UF 8_9,UF,EDP,11905,20,2,18046.100111,18082.070605,18049.739226999,18082.070605,132300.0,5292.0,132300.0,35.9704940000011,32.3313780009994,,,
1,5,173,UPROD,59,V28 group,F+L,EDP,11905,20,2,18045.400110999,18082.070605,18046.100111,18082.070605,67500.0,132300.0,132300.0,36.6704940010022,35.9704940000011,,,
1,6,174,UPROD,73,UF 11_12,UF,EDP,11905,20,2,18049.856274999,18084.267147999,18051.93577,18084.267147999,132300.0,5292.0,52920.0,34.4108729999971,32.3313779989985,,,
1,5,174,UPROD,61,V24,F+L,EDP,11905,20,2,18059.855996999,18084.267147999,18059.856274999,18084.267147999,27000.0,52920.0,52920.0,24.4111510000002,24.4108729999971,,,
1,7,175,UPROD,87,V302,V300,MAX,14825,16,1,18071.334625,18084.334625,18071.334625,18083.334625,18518.518519,18518.518519,22500.0,13.0,12.0,0.0,0.0,
1,3,176,UPROD,30,V01F,Harvest tank V01,EDP,11905,20,2,18046.100111,18086.954295,18046.100111,18086.954295,162000.0,162000.0,178000.0,40.8541839999998,40.8541839999998,0.0,0.0,
1,4,177,UPROD,42,FAM2,FAM,EDP,11905,20,2,18073.19813,18086.954295,18073.198408,18086.954295,67500.0,132300.0,67500.0,13.7561649999989,13.7558869999993,0.0,0.0,
1,7,179,UPROD,88,V303,V300,MAX,14825,16,2,18079.233536,18092.233536,18079.233536,18091.233536,18518.518519,18518.518519,22500.0,13.0,12.0,0.0,0.0,
1,7,180,UPROD,89,V304,V300,MAX,14825,16,2,18079.450957,18092.450957,18079.450957,18091.450957,4629.62963,4629.62963,22500.0,13.0,12.0,0.0,0.0,
1,1,180,UPROD,3,V200,Fermenter,MAX,4631,16,0,18009.200139,18090.200138,18009.200139,18079.200138,200000.0,200000.0,200000.0,80.9999989999997,69.9999989999997,0.0,4.0,
1,0,180,UPROD,161,Ino tank 3,Inoculum,INV,10244,17,0,18013.200165999,18093.200165999,18013.200165999,18093.200165999,174400.0,174400.0,174400.0,80.0,80.0,0.0,5.0,
1,1,181,UPROD,1,V100,Fermenter,FUR,10996,4,0,18010.376509,18094.376509,18010.376509,18079.376509,70000.0,70000.0,70000.0,84.0,69.0,0.0,4.0,
1,0,181,UPROD,162,Ino tank 4,Inoculum,FUR,10996,5,0,18037.200165999,18103.200165999,18037.200165999,18103.200165999,70000.0,70000.0,70000.0,66.0,66.0,0.0,5.0,
1,6,182,UPROD,74,UF 14_15,UF,EDP,11905,20,2,18073.198408,18109.168902,18076.837523999,18109.168902,132300.0,5292.0,132300.0,35.9704940000011,32.331378001003,,,
1,5,182,UPROD,58,V21 group,F+L,EDP,11905,20,2,18073.19813,18109.168902,18073.198408,18109.168902,67500.0,132300.0,132300.0,35.9707720000006,35.9704940000011,,,
1,7,183,UPROD,86,V301,V300,EDP,11905,20,2,18071.334597,18110.168902,18071.334597,18109.168902,21168.0,21168.0,22500.0,38.8343050000003,37.8343050000003,0.0,0.0,
1,3,183,UPROD,25,V01A,Harvest tank V01,FUR,11010,4,1,18072.476509,18119.376509,18079.376509,18119.376509,112385.0,112385.0,125000.0,46.9000000000015,40.0,0.0,0.0,
1,2,184,UPROD,13,E3,Harvest tank E,MAM,10993,11,0,18101.000228,18129.100227999,18121.000228,18129.100227999,12000.0,12000.0,28000.0,28.0999999989981,8.0999999989981,,,
1,3,185,UPROD,25,V01A,Harvest tank V01,FUR,11010,4,1,18119.376509,18141.156576,18119.376509,18141.156576,112385.0,112385.0,125000.0,21.7800669999997,21.7800669999997,0.0,0.0,
1,4,187,UPROD,41,FAM1,FAM,FUR,11010,4,1,18117.376509,18141.156576,18119.376509,18141.156576,112385.0,197797.6,112385.0,23.7800669999997,21.7800669999997,0.0,0.0,Parallel FAM
1,4,187,UPROD,43,FAM3,FAM,FUR,11010,4,1,18117.376509,18141.156576,18119.376509,18141.156576,112385.0,197797.6,112385.0,23.7800669999997,21.7800669999997,,,
1,2,189,UPROD,13,E3,Harvest tank E,FUR,11010,5,0,18129.100255,18165.300166,18129.100255,18165.300166,0.0,0.0,28000.0,36.1999109999997,36.1999109999997,,,
1,2,190,UPROD,14,E4,Harvest tank E,FUR,11010,5,0,18129.100255,18165.300166,18129.100255,18165.300166,0.0,0.0,28000.0,36.1999109999997,36.1999109999997,,,
1,1,190,UPROD,4,V218,Fermenter,TAN,13133,21,0,18057.100138,18163.100138,18057.100138,18153.100138,151000.0,151000.0,151000.0,106.0,96.0,0.0,4.0,
1,0,190,UPROD,159,Ino tank 1,Inoculum,ASG,14469,22,0,18115.100166,18166.100166,18115.100166,18166.100166,166000.0,166000.0,166000.0,51.0,51.0,0.0,5.0,
1,3,190,UPROD,26,V01B,Harvest tank V01,MAM,10993,11,1,18101.000228,18173.000228,18149.000228,18173.000228,120833.333333,120833.333333,125000.0,72.0,24.0,0.0,0.0,
1,2,191,UPROD,12,E2,Harvest tank E,MAM,10993,11,0,18101.000228,18173.000228,18101.000228,18173.000228,12000.0,12000.0,28000.0,72.0,72.0,,,
1,3,191,UPROD,25,V01A,Harvest tank V01,TAN,13136,21,1,18143.500137999,18177.100138,18153.100138,18177.100138,125000.0,125000.0,125000.0,33.6000000010026,24.0,0.0,0.0,
1,3,191,UPROD,28,V01D,Harvest tank V01,TAN,13136,21,2,18143.500137999,18177.100138,18153.100138,18177.100138,105000.0,105000.0,175000.0,33.6000000010026,24.0,0.0,0.0,
1,6,193,UPROD,72,UF 8_9,UF,FUR,11010,4,1,18119.376509,18187.617695,18123.230455,18187.617695,197797.6,5993.866667,197797.6,68.2411859999993,64.38724,,,
1,5,193,UPROD,58,V21 group,F+L,FUR,11010,4,1,18117.376509,18187.617695,18119.376509,18187.617695,112385.0,197797.6,197797.6,70.2411859999993,68.2411859999993,,,
1,5,193,UPROD,59,V28 group,F+L,FUR,11010,4,1,18117.376509,18187.617695,18119.376509,18187.617695,112385.0,197797.6,197797.6,70.2411859999993,68.2411859999993,,,
1,3,193,UPROD,28,V01D,Harvest tank V01,TAN,13136,21,2,18177.100138,18187.617722999,18177.100138,18177.116805,105000.0,105000.0,175000.0,10.5175849989973,0.0166669999998703,0.0,0.0,Waiting
1,1,193,UPROD,1,V100,Fermenter,FUR,10996,5,0,18103.200165999,18187.200165999,18103.200165999,18172.200165999,70000.0,70000.0,70000.0,84.0,69.0,0.0,5.0,
1,0,193,UPROD,160,Ino tank 2,Inoculum,EDP-MF,25004,6,0,18120.200194,18190.200194,18120.200194,18190.200194,72000.0,72000.0,72000.0,70.0,70.0,0.0,6.0,
1,1,194,UPROD,2,V140,Fermenter,MAM,10998,11,0,18071.000228,18191.000228,18071.000228,18176.000228,144000.0,144000.0,144000.0,120.0,105.0,0.0,5.0,
1,4,194,UPROD,41,FAM1,FAM,MAM,10993,11,1,18170.600227999,18194.323785,18173.000228,18194.323785,72500.0,105124.999928,72500.0,23.7235570010016,21.3235569999997,0.0,0.0,
1,4,194,UPROD,42,FAM2,FAM,TAN,13136,21,1,18176.300137999,18196.600166,18177.100138,18196.600166,57500.0,109824.999941999,57500.0,20.3000280010019,19.5000279999986,0.0,0.0,
1,3,194,UPROD,27,V01C,Harvest tank V01,MAM,10993,11,2,18101.000228,18197.000228,18161.000228,18197.000228,48333.333333,48333.333333,125000.0,96.0,36.0,0.0,0.0,
1,3,194,UPROD,30,V01F,Harvest tank V01,MAM,10993,11,3,18165.500228,18200.000228,18176.000228,18200.000228,120833.333333,120833.333333,178000.0,34.5,24.0,0.0,0.0,
1,0,194,UPROD,161,Ino tank 3,Inoculum,BGF,4564,12,0,18142.200194,18200.200194,18142.200194,18200.200194,105000.0,105000.0,105000.0,58.0,58.0,0.0,6.0,
1,7,195,UPROD,86,V301,V300,FUR,11010,4,1,18187.617695,18200.617695,18187.617695,18199.617695,5993.866667,5993.866667,22500.0,13.0,12.0,0.0,0.0,
1,4,195,UPROD,43,FAM3,FAM,TAN,13136,21,2,18176.300137999,18207.11775,18187.617722999,18207.11775,57500.0,109824.999941999,57500.0,30.817612001003,19.5000270010023,0.0,0.0,
1,3,196,UPROD,26,V01B,Harvest tank V01,MAM,10993,11,1,18173.000228,18208.539777,18173.000228,18208.539777,120833.333333,120833.333333,125000.0,35.539549000001,35.539549000001,0.0,0.0,
1,4,197,UPROD,41,FAM1,FAM,MAM,10993,11,1,18194.323785,18208.539777,18194.324063,18208.539777,48333.333333,70083.333285,48333.333333,14.2159920000013,14.2157140000018,0.0,0.0,
1,6,198,UPROD,73,UF 11_12,UF,MAM,10993,11,1,18173.000228,18210.621837999,18177.057023,18210.621837999,105124.999928,2899.999997999,105124.999928,37.6216099989979,33.5648149989975,,,
1,5,198,UPROD,60,V25 group,F+L,MAM,10993,11,1,18170.600227999,18210.621837999,18173.000228,18210.621837999,72500.0,105124.999928,105124.999928,40.0216099999998,37.6216099989979,,,
1,6,199,UPROD,74,UF 14_15,UF,TAN,13136,21,1,18177.100138,18211.048156,18183.314569999,18211.048156,109824.999941999,5990.454544,109824.999941999,33.9480179999991,27.7335860010025,,,
1,5,199,UPROD,61,V24,F+L,TAN,13136,21,1,18176.300137999,18211.048156,18177.100138,18211.048156,57500.0,109824.999941999,109824.999941999,34.7480180010025,33.9480179999991,,,
1,3,199,UPROD,29,V01E,Harvest tank V01,FUR,11010,5,1,18165.300166,18212.200165999,18172.200165999,18212.200165999,112385.0,112385.0,178000.0,46.8999999989974,40.0,0.0,0.0,
1,6,200,UPROD,72,UF 8_9,UF,TAN,13136,21,2,18187.617722999,18221.565740999,18193.832155,18221.565740999,109824.999941999,5990.454544,109824.999941999,33.9480180000028,27.7335859990017,,,
1,5,200,UPROD,58,V21 group,F+L,TAN,13136,21,2,18187.617722999,18221.565740999,18187.617722999,18221.565740999,57500.0,109824.999941999,109824.999941999,33.9480180000028,33.9480180000028,,,
1,3,200,UPROD,27,V01C,Harvest tank V01,MAM,10993,11,2,18197.000228,18221.565768,18197.000228,18197.016894,48333.333333,48333.333333,125000.0,24.5655399999996,0.0166659999995318,0.0,0.0,Waiting
1,3,201,UPROD,28,V01D,Harvest tank V01,TAN,13136,21,2,18187.617722999,18227.156907,18187.617722999,18227.156907,105000.0,105000.0,175000.0,39.5391840010016,39.5391840010016,0.0,0.0,
1,4,202,UPROD,43,FAM3,FAM,TAN,13136,21,2,18207.11775,18227.156907,18211.048183999,18227.156907,47500.0,90724.999953,47500.0,20.0391569999992,16.1087230010016,0.0,0.0,
1,2,203,UPROD,11,E1,Harvest tank E,INV,4594,17,0,18093.200165999,18227.156934999,18093.200165999,18227.156934999,0.0,0.0,28000.0,133.956769,133.956769,,,
1,1,203,UPROD,3,V200,Fermenter,INV,10244,17,0,18093.200165999,18183.200165999,18093.200165999,18183.200165999,174400.0,174400.0,174400.0,90.0,90.0,0.0,5.0,
1,1,203,UPROD,3,V200,Fermenter,INV,10244,17,0,18183.200165999,18227.156963,18183.200165999,18227.156963,174400.0,174400.0,174400.0,43.956797001003,43.956797001003,0.0,5.0,Waiting
1,3,203,UPROD,26,V01B,Harvest tank V01,INV,4594,17,1,18208.539804,18227.156963,18227.156963,18227.156963,125000.0,125000.0,125000.0,18.6171590000013,0.0,0.0,0.0,
1,4,203,UPROD,41,FAM1,FAM,MAM,10993,11,2,18208.539804,18228.673639,18221.565768,18228.673639,24166.666667,35041.666641999,24166.666667,20.1338350000005,7.10787100000016,0.0,0.0,
1,4,203,UPROD,42,FAM2,FAM,TAN,13136,21,1,18196.600166,18230.121893,18210.621865,18230.121893,57500.0,109824.999941999,57500.0,33.5217269999994,19.5000279999986,0.0,0.0,
1,5,203,UPROD,59,V28 group,F+L,MAM,10993,11,1,18194.323785,18232.998407999,18194.324063,18232.998407999,48333.333333,70083.333285,70083.333285,38.6746229989985,38.674344998999,,,
1,3,203,UPROD,30,V01F,Harvest tank V01,MAM,10993,11,3,18200.000228,18232.998436,18200.000228,18200.016894,120833.333333,120833.333333,178000.0,32.9982080000009,0.0166659999995318,0.0,0.0,Waiting
1,1,204,UPROD,3,V200,Fermenter,INV,10244,17,0,18227.156963,18235.156963,18227.156963,18227.156963,174400.0,174400.0,174400.0,8.0,0.0,0.0,5.0,
1,5,204,UPROD,61,V24,F+L,TAN,13136,21,2,18211.048183999,18240.17297,18211.048183999,18240.17297,47500.0,90724.999953,90724.999953,29.1247860010008,29.1247860010008,,,
1,6,205,UPROD,75,UF 7,UF,TAN,13136,21,1,18210.621865,18243.112363,18214.172968999,18243.112363,109824.999941999,5990.454544,109824.999941999,32.4904979999992,28.9393940010013,,,
1,5,205,UPROD,60,V25 group,F+L,TAN,13136,21,1,18210.621865,18243.112363,18210.621865,18243.112363,57500.0,109824.999941999,109824.999941999,32.4904979999992,32.4904979999992,,,
1,7,206,UPROD,87,V302,V300,TAN,13136,21,1,18210.621865,18244.112363,18210.621865,18243.112363,17971.363631,17971.363631,22500.0,33.4904979999992,32.4904979999992,0.0,0.0,
1,6,207,UPROD,73,UF 11_12,UF,MAM,10993,11,2,18210.621865,18244.186679999,18210.621865,18244.186679999,105124.999928,2899.999997999,35041.666641999,33.5648149989975,33.5648149989975,,,
1,5,207,UPROD,58,V21 group,F+L,MAM,10993,11,2,18221.565768,18244.186679999,18221.565768,18244.186679999,24166.666667,35041.666641999,35041.666641999,22.6209119989981,22.6209119989981,,,
1,3,208,UPROD,25,V01A,Harvest tank V01,TAN,13136,21,1,18177.100138,18246.503723,18177.100138,18246.503723,125000.0,125000.0,125000.0,69.403585,69.403585,0.0,0.0,
1,4,209,UPROD,42,FAM2,FAM,TAN,13136,21,1,18230.121893,18246.503723,18243.112390999,18246.503723,10000.0,19099.99999,10000.0,16.3818300000021,3.39133200100332,0.0,0.0,
1,3,210,UPROD,27,V01C,Harvest tank V01,MAM,10993,11,2,18221.565768,18247.280868,18221.565768,18247.280868,48333.333333,48333.333333,125000.0,25.7151000000013,25.7151000000013,0.0,0.0,
1,4,211,UPROD,41,FAM1,FAM,MAM,10993,11,2,18228.673639,18247.280868,18240.172997,18247.280868,24166.666667,35041.666642999,24166.666667,18.6072290000011,7.10787100000016,0.0,0.0,
1,6,212,UPROD,74,UF 14_15,UF,TAN,13136,21,1,18211.048183999,18251.326927999,18217.262616,18251.326927999,109824.999941999,5990.454544,19099.99999,40.2787440000029,34.0643119990018,,,
1,5,212,UPROD,60,V25 group,F+L,TAN,13136,21,1,18243.112390999,18251.326927999,18243.112390999,18251.326927999,10000.0,19099.99999,19099.99999,8.21453700000347,8.21453700000347,,,
1,3,212,UPROD,29,V01E,Harvest tank V01,FUR,11010,5,1,18212.200165999,18251.326955,18212.200165999,18212.216832999,112385.0,112385.0,178000.0,39.1267890010022,0.0166670000035083,0.0,0.0,Waiting
1,7,213,UPROD,88,V303,V300,TAN,13136,21,2,18240.17297,18253.17297,18240.17297,18252.17297,4948.636362,4948.636362,22500.0,13.0,12.0,0.0,0.0,
1,4,213,UPROD,43,FAM3,FAM,MAM,10993,11,3,18227.156934999,18254.321993,18232.998436,18254.321993,72500.0,105124.999928,72500.0,27.1650580010028,21.3235569999997,0.0,0.0,
1,5,213,UPROD,61,V24,F+L,MAM,10993,11,2,18240.172997,18258.46066,18240.172997,18258.46066,24166.666667,35041.666642999,35041.666642999,18.2876629999992,18.2876629999992,,,
1,7,214,UPROD,87,V302,V300,TAN,13136,21,1,18251.326927999,18264.326927999,18251.326927999,18263.326927999,1041.818182,1041.818182,22500.0,13.0,12.0,0.0,0.0,
1,3,215,UPROD,30,V01F,Harvest tank V01,MAM,10993,11,3,18232.998436,18272.676402,18232.998436,18272.676402,120833.333333,120833.333333,178000.0,39.6779659999993,39.6779659999993,0.0,0.0,
1,4,216,UPROD,43,FAM3,FAM,MAM,10993,11,3,18254.321993,18272.676402,18258.460687999,18272.676402,48333.333333,70083.333285,48333.333333,18.3544089999996,14.2157140010022,0.0,0.0,
1,3,217,UPROD,29,V01E,Harvest tank V01,FUR,11010,5,1,18251.326955,18273.107022,18251.326955,18273.107022,112385.0,112385.0,178000.0,21.7800669999997,21.7800669999997,0.0,0.0,
1,4,219,UPROD,42,FAM2,FAM,FUR,11010,5,1,18246.503751,18273.107022,18251.326955,18273.107022,112385.0,197797.6,112385.0,26.6032709999999,21.7800669999997,0.0,0.0,Parallel FAM
1,4,219,UPROD,41,FAM1,FAM,FUR,11010,5,1,18247.280896,18273.107022,18251.326955,18273.107022,112385.0,197797.6,112385.0,25.8261259999999,21.7800669999997,,,
1,6,220,UPROD,72,UF 8_9,UF,MAM,10993,11,3,18232.998436,18273.662641999,18240.097828,18273.662641999,105124.999928,2899.999997999,105124.999928,40.6642059989972,33.5648139989971,,,
1,5,220,UPROD,59,V28 group,F+L,MAM,10993,11,3,18232.998436,18273.662641999,18232.998436,18273.662641999,72500.0,105124.999928,105124.999928,40.6642059989972,40.6642059989972,,,
1,3,220,UPROD,26,V01B,Harvest tank V01,INV,4594,17,1,18227.156963,18273.66267,18227.156963,18227.17363,125000.0,125000.0,125000.0,46.5057070000003,0.0166669999998703,0.0,0.0,Waiting
1,3,220,UPROD,25,V01A,Harvest tank V01,EDP-MF,14915,6,1,18277.500194,18287.200194,18287.200194,18287.200194,72000.0,72000.0,125000.0,9.70000000000073,0.0,0.0,0.0,
1,6,221,UPROD,73,UF 11_12,UF,MAM,10993,11,3,18244.186708,18287.936623,18247.272389,18287.936623,105124.999928,2899.999997999,70083.333285,43.7499150000003,40.6642339999999,,,
1,5,221,UPROD,61,V24,F+L,MAM,10993,11,3,18258.460687999,18287.936623,18258.460687999,18287.936623,48333.333333,70083.333285,70083.333285,29.4759350010027,29.4759350010027,,,
1,3,221,UPROD,28,V01D,Harvest tank V01,INV,4594,17,2,18227.156963,18287.936651,18227.156963,18227.17363,154040.0,154040.0,175000.0,60.7796879999987,0.0166669999998703,0.0,0.0,Waiting
1,7,222,UPROD,86,V301,V300,MAM,10993,11,3,18210.621837999,18288.936623,18210.621837999,18287.936623,11599.999991999,11599.999991999,22500.0,78.3147850010027,77.3147850010027,0.0,0.0,
1,4,222,UPROD,41,FAM1,FAM,INV,4594,17,2,18273.107049999,18290.425963999,18287.936651,18290.425963999,14520.0,27297.599985,14520.0,17.3189140000031,2.48931299900141,0.0,0.0,
1,3,223,UPROD,26,V01B,Harvest tank V01,INV,4594,17,1,18273.66267,18295.092494,18273.66267,18295.092494,125000.0,125000.0,125000.0,21.4298239999989,21.4298239999989,0.0,0.0,
1,4,224,UPROD,43,FAM3,FAM,INV,4594,17,1,18272.67643,18295.092494,18273.66267,18295.092494,125000.0,234999.999875,125000.0,22.4160640000009,21.4298239999989,0.0,0.0,
1,3,225,UPROD,27,V01C,Harvest tank V01,BGF,4566,12,1,18292.000194,18302.200194,18302.200194,18302.200194,105000.0,105000.0,125000.0,10.2000000000007,0.0,0.0,0.0,
1,3,225,UPROD,29,V01E,Harvest tank V01,BGF,4566,12,2,18292.000194,18302.200194,18302.200194,18302.200194,60000.0,60000.0,178000.0,10.2000000000007,0.0,0.0,0.0,
1,2,226,UPROD,13,E3,Harvest tank E,ASG,19765,22,0,18166.100166,18304.700165999,18166.100166,18304.700165999,0.0,0.0,28000.0,138.599999998998,138.599999998998,,,
1,1,226,UPROD,1,V100,Fermenter,EDP-MF,25004,6,0,18190.200194,18302.200194,18190.200194,18287.200194,72000.0,72000.0,72000.0,112.0,97.0,0.0,6.0,
1,6,227,UPROD,74,UF 14_15,UF,FUR,11010,5,1,18251.326955,18317.91645,18253.529211,18317.91645,197797.6,5993.866667,197797.6,66.5894950000002,64.3872389999997,,,
1,5,227,UPROD,58,V21 group,F+L,FUR,11010,5,1,18247.280896,18317.91645,18251.326955,18317.91645,112385.0,197797.6,197797.6,70.6355540000004,66.5894950000002,,,
1,5,227,UPROD,60,V25 group,F+L,FUR,11010,5,1,18251.326955,18317.91645,18251.326955,18317.91645,112385.0,197797.6,197797.6,66.5894950000002,66.5894950000002,,,
1,3,227,UPROD,25,V01A,Harvest tank V01,EDP-MF,14915,6,1,18287.200194,18317.916477999,18287.200194,18287.216861,72000.0,72000.0,125000.0,30.7162839989978,0.0166669999998703,0.0,0.0,Waiting
1,4,227,UPROD,44,MF1/2,MF,EDP-MF,14915,6,1,18287.200194,18317.948938,18317.916477999,18317.948938,24000.0,83280.0,24000.0,30.7487440000004,0.0324600010026188,0.0,0.0,
1,3,227,UPROD,26,V01B,Harvest tank V01,ASG,19765,22,1,18304.700165999,18320.100166,18320.100166,18320.100166,103500.0,103500.0,125000.0,15.4000000010019,0.0,0.0,0.0,
1,3,227,UPROD,30,V01F,Harvest tank V01,ASG,19765,22,2,18304.700165999,18320.100166,18320.100166,18320.100166,60000.0,60000.0,178000.0,15.4000000010019,0.0,0.0,0.0,
1,5,227,UPROD,59,V28 group,F+L,INV,4594,17,1,18273.66267,18327.197101,18273.66267,18327.197101,125000.0,234999.999875,234999.999875,53.534431,53.534431,,,
1,3,227,UPROD,27,V01C,Harvest tank V01,BGF,4566,12,1,18302.200194,18327.197129,18302.200194,18302.216861,105000.0,105000.0,125000.0,24.9969349999992,0.0166669999998703,0.0,0.0,Waiting
1,7,229,UPROD,86,V301,V300,FUR,11010,5,1,18317.91645,18330.91645,18317.91645,18329.91645,5993.866667,5993.866667,22500.0,13.0,12.0,0.0,0.0,
1,1,229,UPROD,4,V218,Fermenter,ASG,14469,22,0,18166.100166,18328.100166,18166.100166,18320.100166,166000.0,166000.0,166000.0,162.0,154.0,0.0,5.0,
1,6,231,UPROD,72,UF 8_9,UF,INV,4594,17,2,18273.66267,18333.044915999,18276.854341999,18333.044915999,262297.59986,4949.011317999,27297.599985,59.382245998997,56.1905740000002,,,
1,5,231,UPROD,61,V24,F+L,INV,4594,17,2,18287.936651,18333.044915999,18287.936651,18333.044915999,14520.0,27297.599985,27297.599985,45.1082649989985,45.1082649989985,,,
1,3,231,UPROD,29,V01E,Harvest tank V01,BGF,4566,12,2,18302.200194,18333.044944,18302.200194,18302.216861,60000.0,60000.0,178000.0,30.8447500000002,0.0166669999998703,0.0,0.0,Waiting
1,1,231,UPROD,2,V140,Fermenter,BGF,4564,12,0,18200.200194,18332.000199999,18200.200194,18302.200194,105000.0,105000.0,105000.0,131.800005999001,102.0,0.0,6.0,
1,6,232,UPROD,73,UF 11_12,UF,EDP-MF,14915,6,1,18317.916477999,18335.566703,18317.930108,18335.566703,83280.0,1850.666667,83280.0,17.6502250010017,17.6365949999999,,,
1,5,232,UPROD,58,V21 group,F+L,EDP-MF,14915,6,1,18317.916477999,18335.566703,18317.916477999,18335.566703,24000.0,83280.0,83280.0,17.6502250010017,17.6502250010017,,,
1,4,232,UPROD,44,MF1/2,MF,EDP-MF,14915,6,1,18317.948938,18335.599191,18335.566730999,18335.599191,24000.0,83280.0,24000.0,17.6502529999998,0.0324600010026188,0.0,0.0,
1,3,233,UPROD,27,V01C,Harvest tank V01,BGF,4566,12,1,18327.197129,18342.197156999,18327.197129,18342.197156999,105000.0,105000.0,125000.0,15.0000279989981,15.0000279989981,0.0,0.0,
1,4,234,UPROD,42,FAM2,FAM,BGF,4566,12,1,18302.200194,18342.197156999,18327.197129,18342.197156999,105000.0,165900.0,105000.0,39.9969629989973,15.0000279989981,0.0,0.0,
1,3,235,UPROD,28,V01D,Harvest tank V01,INV,4594,17,2,18287.936651,18345.645049999,18287.936651,18345.645049999,154040.0,154040.0,175000.0,57.7083989989987,57.7083989989987,0.0,0.0,
1,4,236,UPROD,41,FAM1,FAM,INV,4594,17,2,18290.425963999,18345.645049999,18317.916477999,18345.645049999,139520.0,262297.59986,139520.0,55.2190859999973,27.728572,0.0,0.0,
1,6,237,UPROD,72,UF 8_9,UF,EDP-MF,14915,6,1,18335.566730999,18353.216956,18335.580361,18353.216956,83280.0,1850.666667,83280.0,17.6502250010017,17.6365949999999,,,
1,5,237,UPROD,58,V21 group,F+L,EDP-MF,14915,6,1,18335.566730999,18353.216956,18335.566730999,18353.216956,24000.0,83280.0,83280.0,17.6502250010017,17.6502250010017,,,
1,3,238,UPROD,25,V01A,Harvest tank V01,EDP-MF,14915,6,1,18317.916477999,18353.249444,18317.916477999,18353.249444,72000.0,72000.0,125000.0,35.3329660010022,35.3329660010022,0.0,0.0,
1,4,239,UPROD,44,MF1/2,MF,EDP-MF,14915,6,1,18335.599191,18353.249444,18353.216982999,18353.249444,24000.0,83280.0,24000.0,17.6502529999998,0.0324610009993194,0.0,0.0,
1,5,239,UPROD,59,V28 group,F+L,BGF,4566,12,1,18327.197129,18355.085057,18327.197129,18355.085057,105000.0,165900.0,165900.0,27.8879280000001,27.8879280000001,,,
1,3,239,UPROD,26,V01B,Harvest tank V01,ASG,19765,22,1,18320.100166,18355.085084999,18320.100166,18320.116833,103500.0,103500.0,125000.0,34.9849189989982,0.0166669999998703,0.0,0.0,Waiting
1,4,239,UPROD,44,MF1/2,MF,ASG,19765,22,1,18353.249470999,18355.22922,18355.085084999,18355.22922,81750.0,250972.499917999,81750.0,1.97974900100235,0.144135001002724,0.0,0.0,
1,3,240,UPROD,29,V01E,Harvest tank V01,BGF,4566,12,2,18333.044944,18360.492234,18333.044944,18360.492234,60000.0,60000.0,178000.0,27.4472900000001,27.4472900000001,0.0,0.0,
1,4,241,UPROD,43,FAM3,FAM,BGF,4566,12,2,18302.200194,18360.492234,18333.044944,18360.492234,60000.0,94800.0,60000.0,58.2920400000003,27.4472900000001,0.0,0.0,
1,6,242,UPROD,75,UF 7,UF,BGF,4566,12,2,18327.197129,18369.212696999,18330.361686,18369.212696999,260700.0,8409.677418999,94800.0,42.0155679989984,38.8510109989984,,,
1,5,242,UPROD,61,V24,F+L,BGF,4566,12,2,18333.044944,18369.212696999,18333.044944,18369.212696999,60000.0,94800.0,94800.0,36.1677529989975,36.1677529989975,,,
1,3,243,UPROD,26,V01B,Harvest tank V01,ASG,19765,22,1,18355.085084999,18369.251093999,18355.085084999,18369.251093999,103500.0,103500.0,125000.0,14.1660090000005,14.1660090000005,0.0,0.0,
1,4,244,UPROD,44,MF1/2,MF,ASG,19765,22,1,18355.22922,18369.251093999,18369.212725,18369.251093999,21750.0,66772.499978,21750.0,14.0218739989978,0.0383689989976119,0.0,0.0,
1,7,245,UPROD,88,V303,V300,BGF,4566,12,1,18327.197129,18370.212696999,18327.197129,18369.212696999,8409.677418999,8409.677418999,22500.0,43.0155679989984,42.0155679989984,0.0,0.0,
1,6,246,UPROD,72,UF 8_9,UF,EDP-MF,14915,6,1,18353.216982999,18370.867208,18353.230614,18370.867208,83280.0,1850.666667,83280.0,17.650225000998,17.6365939999996,,,
1,5,246,UPROD,58,V21 group,F+L,EDP-MF,14915,6,1,18353.216982999,18370.867208,18353.216982999,18370.867208,24000.0,83280.0,83280.0,17.650225000998,17.650225000998,,,
1,3,246,UPROD,30,V01F,Harvest tank V01,ASG,19765,22,2,18320.100166,18370.867235999,18320.100166,18320.116833,60000.0,60000.0,178000.0,50.7670699990013,0.0166669999998703,0.0,0.0,Waiting
1,7,247,UPROD,86,V301,V300,EDP-MF,14915,6,1,18335.566703,18371.867208,18335.566703,18370.867208,5552.0,5552.0,22500.0,36.3005049999992,35.3005049999992,0.0,0.0,
1,5,247,UPROD,61,V24,F+L,ASG,19765,22,1,18369.212725,18374.993044999,18369.212725,18374.993044999,21750.0,66772.499978,66772.499978,5.78031999899758,5.78031999899758,,,
1,3,248,UPROD,30,V01F,Harvest tank V01,ASG,19765,22,2,18370.867235999,18375.038827,18370.867235999,18375.038827,60000.0,60000.0,178000.0,4.17159100099889,4.17159100099889,0.0,0.0,
1,4,249,UPROD,44,MF1/2,MF,ASG,19765,22,2,18369.251121,18375.038827,18370.867235999,18375.038827,60000.0,184199.99994,60000.0,5.78770599999916,4.17159100099889,0.0,0.0,
1,6,250,UPROD,73,UF 11_12,UF,ASG,19765,22,1,18355.085084999,18375.853568999,18355.105181999,18375.853568999,250972.499917999,3259.383116,250972.499917999,20.7684840000002,20.7483869999996,,,
1,5,250,UPROD,59,V28 group,F+L,ASG,19765,22,1,18355.085084999,18375.853568999,18355.085084999,18375.853568999,81750.0,250972.499917999,250972.499917999,20.7684840000002,20.7684840000002,,,
1,6,251,UPROD,74,UF 14_15,UF,INV,4594,17,2,18327.197101,18383.387675,18327.197101,18383.387675,262297.59986,4949.011317999,262297.59986,56.1905740000002,56.1905740000002,,,
1,5,251,UPROD,60,V25 group,F+L,INV,4594,17,2,18317.916477999,18383.387675,18317.916477999,18383.387675,139520.0,262297.59986,262297.59986,65.471197001003,65.471197001003,,,
1,7,252,UPROD,87,V302,V300,INV,4594,17,2,18327.197101,18384.387675,18327.197101,18383.387675,9898.022635999,9898.022635999,22500.0,57.1905740000002,56.1905740000002,0.0,0.0,
1,6,253,UPROD,75,UF 7,UF,ASG,19765,22,2,18369.212725,18390.883313999,18369.232822,18390.883313999,250972.499917999,3259.383116,184199.99994,21.6705889989971,21.6504919989966,,,
1,5,253,UPROD,58,V21 group,F+L,ASG,19765,22,2,18370.867235999,18390.883313999,18370.867235999,18390.883313999,60000.0,184199.99994,184199.99994,20.0160779999969,20.0160779999969,,,
1,7,254,UPROD,89,V304,V300,ASG,19765,22,1,18369.212725,18391.883313999,18369.212725,18390.883313999,6518.766231999,6518.766231999,22500.0,22.6705889989971,21.6705889989971,0.0,0.0,
