ID,SKU Interm1,Name,MF,Fermenter,Activity density (U/g),Batch weight (kg),BU EoR,SKU EoF,Weight ratio (kg EoR/kg EoF),Broth killing (hrs),Broth killing in,Harvest tanks__Broth preparation (hrs),Harvest tanks__Process extra (hrs),Harvest tanks__Post (hrs),Harvest tanks__End weight (kg),FAM or MF__Prep (hrs),FAM or MF__Process (kg/hr/sqm),FAM or MF__Post (hrs),FAM or MF__Weight factor (at F+L),FAM or MF__Weight (kg at F+L),FAP1__Filter preps (#),FAP1__Filter prep process (hrs),UF__UF fractions (#),UF__Prep (hrs),UF__Process (kg/hr/sqm),UF__Post (hrs),UF__End weight factor,UF__Weight ccUF (kg),Stab__Process (hrs),Stab__In V300,Stab__End weight factor,Stab__Weight ccUFSTAB (kg),Stab__Transfer to IBC (hrs),Recipe not in use,UF__DCO (tons/hr),UF__Nitrogen (kg/hr),UF__Phosphorus (kg/hr),FAM or MF__Parallel,Comments
1,10532,CPG ccUF,0,V100,6601.125,7000,46.207875,10535,,5,Etanks & Fermenter,0,0,0,150000,0,40.38,0,1.75,262500.0,1,2,2,0,6.73,0,38.0,6907.8947368421,4,,1.0,6907.8947368421,1,False,0.069,4.615,3.846,,
2,10532,CPG ccUF,0,V140,6601.125,9800,64.691025,10535,,5,Etanks & Fermenter,0,0,0,210000,0,40.38,0,1.75,367500.0,1,2,2,0,6.73,0,38.0,9671.05263157895,4,,1.0,9671.05263157895,1,False,0.049,3.297,2.746999999,,
3,10532,CPG ccUF,0,V200,6601.125,15260,100.7331675,10535,,5,Etanks & Fermenter,0,0,0,327000,0,40.38,0,1.75,572250.0,1,2,4,0,6.73,0,38.0,15059.2105263158,4,,1.0,15059.2105263158,1,False,0.064,4.234,3.528999999,,
4,10532,CPG ccUF,0,V218,6601.125,15260,100.7331675,10535,,5,Etanks & Fermenter,0,0,0,327000,0,40.38,0,1.75,572250.0,1,2,4,0,6.73,0,38.0,15059.2105263158,4,,1.0,15059.2105263158,1,False,0.064,4.234,3.528999999,,
5,10993,MAM ccUF,0,V100,24110.0,11000,265.21,10998,,8,Etanks & Fermenter,24,0,0,204000,0,34.0,0,1.449999999,295799.999796,1,2,3,0,6.99,0,32.77777778,9024.40677282546,4,,1.0,9024.40677282546,1,False,0.151,7.610999999,0.667,Can have 2,
6,10993,MAM ccUF,0,V140,24110.0,15400,371.294,10998,,8,Etanks & Fermenter,24,0,0,290000,0,34.0,0,1.449999999,420499.99971,1,2,4,0,5.219999999,0,36.25,11599.999992,4,,1.0,11599.999992,1,False,0.151,7.610999999,0.667,Can have 2,
7,10993,MAM ccUF,0,V200,24110.0,23980,578.1578,10998,,8,Etanks & Fermenter,24,0,0,384552,0,48.25,0,1.639999999,630665.279615448,1,2,6,0,5.36,0,26.0,24256.3569082865,4,,1.0,24256.3569082865,1,False,0.139,6.982999999,0.612,Can have 2,
8,10993,MAM ccUF,0,V218,24110.0,23980,578.1578,10998,,8,Etanks & Fermenter,24,0,0,384552,0,48.25,0,1.639999999,630665.279615448,1,2,6,0,5.36,0,26.0,24256.3569082865,4,,1.0,24256.3569082865,1,False,0.139,6.982999999,0.612,Can have 2,
9,11010,"FURORE CCUF, l",0,V100,11754.4,5917,69.5507848,10996,,20,V01,20,0,0,112385,0,43.0,0,1.76,197797.6,1,2,1,0,5.12,0,33.0,5993.86666666667,4,,1.0,5993.86666666667,1,False,0.119,4.982999999,0.623,Must have 2,
10,11010,"FURORE CCUF, l",0,V140,11754.4,8284,97.3734496,10996,,20,V01,20,0,0,157339,0,43.0,0,1.76,276916.64,1,2,1,0,5.12,0,33.0,8391.41333333333,4,,1.0,8391.41333333333,1,False,0.025,1.058999999,0.32,Must have 2,
11,11010,"FURORE CCUF, l",0,V200,11754.4,12900,151.63176,10996,,20,V01,20,0,0,245000,0,43.0,0,1.76,431200.0,1,2,2,0,5.12,0,33.0,13066.6666666667,4,,1.0,13066.6666666667,1,False,0.109,4.570999999,0.571,Must have 2,
12,11010,"FURORE CCUF, l",0,V218,11754.4,12900,151.63176,10996,,20,V01,20,0,0,245000,0,43.0,0,1.76,431200.0,1,2,2,0,5.12,0,33.0,13066.6666666667,4,,1.0,13066.6666666667,1,False,0.109,4.570999999,0.571,Must have 2,
13,11905,EDP CCUF,0,V100,16.39,9725,0.15939275,11901,,10,Etanks & Fermenter,7,0,0,123853,0,49.07,0,1.96,242751.88,1,2,2,0,3.839999999,0,25.0,9710.0752,4,,1.0,9710.0752,1,False,0.092,6.397999999,3.601999999,,
14,11905,EDP CCUF,0,V140,16.39,13615,0.22314985,11901,,10,Etanks & Fermenter,7,0,0,173394,0,49.07,0,1.96,339852.24,1,2,2,0,3.839999999,0,25.0,13594.0896,4,,1.0,13594.0896,1,False,0.066,4.57,2.573,,
15,11905,EDP CCUF,0,V200,16.39,21200,0.347468,11901,,10,Etanks & Fermenter,7,0,0,270000,0,49.07,0,1.96,529200.0,1,2,4,0,3.839999999,0,25.0,21168.0,4,,1.0,21168.0,1,False,0.084,5.87,3.303999999,,
16,11905,EDP CCUF,0,V218,16.39,21200,0.347468,11901,,10,Etanks & Fermenter,7,0,0,270000,0,49.07,0,1.96,529200.0,1,2,4,0,6.82,0,25.0,21168.0,4,,1.0,21168.0,1,False,0.084,5.87,3.303999999,,
17,12073,"EDP, stab ccuf on benzoate",0,V100,16.085999999,9908,0.159380087990092,11901,,10,Etanks & Fermenter,7,0,0,123853,0,49.07,0,1.96,242751.88,1,2,2,0,3.839999999,0,25.0,9710.0752,4,Yes,1.018868,9893.2848988736,1,False,0.092,6.397999999,3.601999999,,
18,12073,"EDP, stab ccuf on benzoate",0,V140,16.085999999,13872,0.223144991986128,11901,,10,Etanks & Fermenter,7,0,0,173394,0,49.07,0,1.96,339852.24,1,2,2,0,3.839999999,0,25.0,13594.0896,4,Yes,1.018868,13850.5828825728,1,False,0.066,4.57,2.573,,
19,12073,"EDP, stab ccuf on benzoate",0,V200,16.085999999,21600,0.3474575999784,11901,,10,Etanks & Fermenter,7,0,0,270000,0,49.07,0,1.96,529200.0,1,2,4,0,3.839999999,0,25.0,21168.0,4,Yes,1.018868,21567.397824,1,False,0.084,5.87,3.303999999,,
20,12073,"EDP, stab ccuf on benzoate",0,V218,16.085999999,21600,0.3474575999784,11901,,10,Etanks & Fermenter,7,0,0,270000,0,49.07,0,1.96,529200.0,1,2,4,0,3.839999999,0,25.0,21168.0,4,Yes,1.018868,21567.397824,1,False,0.084,5.87,3.303999999,,
25,13102,MAXIBRIGHT CCUF STABILISED,0,V100,11370.0,5780,65.7186,13106,,8,Etanks & Fermenter,0,0,0,73394,0,54.17,0,1.629999999,119632.219926606,1,2,1,0,9.029999999,0,43.0,2782.14464945595,4,Yes,2.1,5842.50376385749,1,False,0.357,13.852,3.633,,
26,13102,MAXIBRIGHT CCUF STABILISED,0,V140,11370.0,8092,92.00604,13106,,8,Etanks & Fermenter,0,0,0,102752,0,54.17,0,1.629999999,167485.759897248,1,2,1,0,9.029999999,0,43.0,3895.01767202902,4,Yes,2.1,8179.53711126094,1,False,0.255,9.894,2.595,,
27,13102,MAXIBRIGHT CCUF STABILISED,0,V200,11370.0,12600,143.262,13106,,8,Etanks & Fermenter,0,0,0,160000,0,54.17,0,1.629999999,260799.99984,1,2,2,0,9.029999999,0,43.0,6065.11627534884,4,Yes,2.1,12736.7441782326,1,False,0.327,12.708,3.333,,
28,13102,MAXIBRIGHT CCUF STABILISED,0,V218,11370.0,12600,143.262,13106,,8,Etanks & Fermenter,0,0,0,160000,0,54.17,0,1.629999999,260799.99984,1,2,2,0,9.029999999,0,43.0,6065.11627534884,4,Yes,2.1,12736.7441782326,1,False,0.327,12.708,3.333,,
29,13136,TOLERASE AN CCUF,0,V100,37983.0,8945,339.757935,13133,,14,V01,8,0,0,105505,0,53.85,0,1.83,193074.15,1,2,2,0,5.389999999,0,22.0,8776.09772727273,4,,1.0,8776.09772727273,1,False,0.096,9.391,5.45,Can have 2,
30,13136,TOLERASE AN CCUF,0,V140,37983.0,12523,475.661109,13133,,14,V01,8,0,0,147706,0,53.85,0,1.83,270301.98,1,2,2,0,5.389999999,0,22.0,12286.4536363636,4,,1.0,12286.4536363636,1,False,0.006,0.006,0.006,Can have 2,
31,13136,TOLERASE AN CCUF,0,V200,37983.0,19500,740.6685,13133,,14,V01,8,0,0,230000,0,53.85,0,1.83,420900.0,1,2,4,0,5.389999999,0,22.0,19131.8181818182,4,,1.0,19131.8181818182,1,False,0.088,8.615,5.0,Can have 2,
32,13136,TOLERASE AN CCUF,0,V218,37983.0,24000,911.592,13133,,16,V01,8,0,0,230000,0,29.487179489,0,1.909999999,439299.99977,1,2,4,0,6.599999999,0,18.333333329,23961.8181749364,4,,1.0,23961.8181749364,1,False,0.088,8.615,5.0,Can have 2,
33,13140,MAXIBRIGHT CCUF,0,V100,23877.0,2752,65.709504,13106,,8,Etanks & Fermenter,0,0,0,73394,0,54.17,0,1.629999999,119632.219926606,1,2,1,0,9.029999999,0,43.0,2782.14464945595,4,,1.0,2782.14464945595,1,False,0.357,13.852,3.633,,
34,13140,MAXIBRIGHT CCUF,0,V140,23877.0,3853,91.998081,13106,,8,Etanks & Fermenter,0,0,0,102752,0,54.17,0,1.629999999,167485.759897248,1,2,1,0,9.029999999,0,43.0,3895.01767202902,4,,1.0,3895.01767202902,1,False,0.255,9.894,2.595,,
35,13140,MAXIBRIGHT CCUF,0,V200,23877.0,6000,143.262,13106,,8,Etanks & Fermenter,0,0,0,160000,0,54.17,0,1.629999999,260799.99984,1,2,2,0,9.029999999,0,43.0,6065.11627534884,4,,1.0,6065.11627534884,1,False,0.327,12.708,3.333,,
36,13140,MAXIBRIGHT CCUF,0,V218,23877.0,6000,143.262,13106,,8,Etanks & Fermenter,0,0,0,160000,0,54.17,0,1.629999999,260799.99984,1,2,2,0,9.029999999,0,43.0,6065.11627534884,4,,1.0,6065.11627534884,1,False,0.327,12.708,3.333,,
37,14011,"FURORE FOR GRANU, BULK",0,V100,11664.0,5963,69.552432,10996,,20,V01,20,0,0,112385,0,18.730833329,0,1.76,197797.6,1,2,1,0,5.23,0,35.320999999,5600.00000015855,4,Yes,1.007752,5643.41120015978,1,False,0.119,4.982999999,0.623,Must have 2,
38,14011,"FURORE FOR GRANU, BULK",0,V140,11664.0,8349,97.382736,10996,,20,V01,20,0,0,157339,0,43.0,0,1.76,276916.64,1,2,1,0,5.12,0,33.0,8391.41333333333,4,Yes,1.007752,8456.46356949333,1,False,0.025,1.058999999,0.32,Must have 2,
39,14011,"FURORE FOR GRANU, BULK",0,V200,11664.0,13000,151.632,10996,,20,V01,20,0,0,245000,0,43.0,0,1.76,431200.0,1,2,2,0,5.12,0,33.0,13066.6666666667,4,Yes,1.007752,13167.9594666667,1,False,0.109,4.570999999,0.571,Must have 2,
40,14011,"FURORE FOR GRANU, BULK",0,V218,11664.0,13000,151.632,10996,,20,V01,20,0,0,245000,0,43.0,0,1.76,431200.0,1,2,2,0,5.12,0,33.0,13066.6666666667,4,Yes,1.007752,13167.9594666667,1,False,0.109,4.570999999,0.571,Must have 2,
41,14825,MAX MF CCUF FOR BF,1,V100,1780.839999999,19266,34.3096634399807,4631,,4,Etanks & Fermenter,0,0,0,91743,0,2778.0,0,2.5,229357.5,1,2,3,0,2778.0,0,12.0,19113.13,4,,1.0,19113.13,1,False,0.029,2.301,1.696,,
42,14825,MAX MF CCUF FOR BF,1,V140,1780.839999999,26972,48.032816479973,4631,,4,Etanks & Fermenter,0,0,0,128440,0,2778.0,0,2.5,321100.0,1,2,5,0,2778.0,0,12.0,26758.3333333333,4,,1.0,26758.3333333333,1,False,0.021,1.643999999,1.211,,
43,14825,MAX MF CCUF FOR BF,1,V200,1780.839999999,42000,74.795279999958,4631,,4,Etanks & Fermenter,0,0,0,200000,0,2778.0,0,2.5,500000.0,1,2,9,0,2778.0,0,12.0,41666.6666666667,4,,1.0,41666.6666666667,1,False,0.021,1.643999999,1.211,,
44,14825,MAX MF CCUF FOR BF,1,V218,1780.839999999,42000,74.795279999958,4631,,4,Etanks & Fermenter,0,0,0,200000,0,2778.0,0,2.5,500000.0,1,2,9,0,2778.0,0,12.0,41666.6666666667,4,,1.0,41666.6666666667,1,False,0.021,1.643999999,1.211,,
45,14912,MAXIREN MF CCUF STAB BF,1,V100,1150.7,29817,34.3104219,4631,,4,Etanks & Fermenter,0,0,0,91743,0,2778.0,0,2.5,229357.5,1,2,3,0,2778.0,0,12.0,19113.13,4,Yes,1.547619,29579.84313747,1,False,0.029,2.301,1.696,,
46,14912,MAXIREN MF CCUF STAB BF,1,V140,1150.7,41743,48.0336701,4631,,4,Etanks & Fermenter,0,0,0,128440,0,2778.0,0,2.5,321100.0,1,2,5,0,2778.0,0,12.0,26758.3333333333,4,Yes,1.547619,41411.7050749999,1,False,0.021,1.643999999,1.211,,
47,14912,MAXIREN MF CCUF STAB BF,1,V200,1150.7,65000,74.7955,4631,,4,Etanks & Fermenter,0,0,0,200000,0,2778.0,0,2.5,500000.0,1,2,9,0,16.69,0,12.0,41666.6666666667,4,Yes,1.547619,64484.1250000001,1,False,0.021,1.643999999,1.211,,
48,14912,MAXIREN MF CCUF STAB BF,1,V218,1150.7,65000,74.7955,4631,,4,Etanks & Fermenter,0,0,0,200000,0,2778.0,0,2.5,500000.0,1,2,9,0,2778.0,0,12.0,41666.6666666667,4,Yes,1.547619,64484.1250000001,1,False,0.021,1.643999999,1.211,,
49,14915,EDP MF CCUF,1,V100,10.199999999,5500,0.0560999999945,25004,,20,Etanks & Fermenter,0,0,0,72000,0,5000.0,0,3.47,249840.0,1,2,3,0,7.87,0,45.0,5552.0,4,,1.0,5552.0,1,False,0.04,2.6,2.299999999,,
50,14915,EDP MF CCUF,1,V140,10.199999999,7700,0.0785399999923,25004,,20,Etanks & Fermenter,0,0,0,100800,0,5000.0,0,3.47,349776.0,1,2,3,0,5000.0,0,45.0,7772.8,4,,1.0,7772.8,1,False,0.029,1.857,1.643,,
51,14915,EDP MF CCUF,1,V200,10.199999999,11990,0.12229799998801,25004,,20,Etanks & Fermenter,0,0,0,156960,0,5000.0,0,3.47,544651.2,1,2,6,0,5000.0,0,45.0,12103.36,4,,1.0,12103.36,1,False,0.037,2.384999999,2.109999999,,
52,14915,EDP MF CCUF,1,V218,10.199999999,11990,0.12229799998801,25004,,20,Etanks & Fermenter,0,0,0,156960,0,5000.0,0,3.47,544651.2,1,2,6,0,5000.0,0,45.0,12103.36,4,,1.0,12103.36,1,False,0.037,2.384999999,2.109999999,,
53,14932,PGE MF CCUF,1,V100,1636.0,4000,6.544,14123,,10,V01,0,0,0,60000,0,3125.0,0,3.33,199800.0,1,2,2,0,3125.0,0,50.0,3996.0,4,,1.0,3996.0,1,False,0.016,0.016,0.016,,
54,14932,PGE MF CCUF,1,V140,1636.0,5600,9.1616,14123,,10,V01,0,0,0,84000,0,3125.0,0,3.33,279720.0,1,2,2,0,3125.0,0,50.0,5594.4,4,,1.0,5594.4,1,False,0.011,0.011,0.011,,
55,14932,PGE MF CCUF,1,V200,1636.0,8720,14.26592,14123,,10,V01,0,0,0,130800,0,3125.0,0,3.33,435564.0,1,2,4,0,3125.0,0,50.0,8711.28,4,,1.0,8711.28,1,False,0.007,0.007,0.007,,
56,14932,PGE MF CCUF,1,V218,1636.0,8720,14.26592,14123,,10,V01,0,0,0,130800,0,3125.0,0,3.33,435564.0,1,2,4,0,3125.0,0,50.0,8711.28,4,,1.0,8711.28,1,False,0.007,0.007,0.007,,
57,15024,NBA CCUF,0,V100,13150.0,6000,78.9,15015,,10,Etanks & Fermenter,24,0,0,170000,0,37.5,0,1.76,299200.0,1,2,2,0,6.25,0,50.0,5984.0,4,,1.0,5984.0,1,False,0.151,7.610999999,0.667,Can have 2,
58,15024,NBA CCUF,0,V140,13150.0,8400,110.46,15015,,10,Etanks & Fermenter,24,0,0,238000,0,37.5,0,1.76,418880.0,1,2,3,0,6.25,0,50.0,8377.6,4,,1.0,8377.6,1,False,0.151,7.610999999,0.667,Can have 2,
59,15024,NBA CCUF,0,V200,13150.0,13080,172.002,15015,,10,Etanks & Fermenter,24,0,0,370600,0,37.5,0,1.76,652256.0,1,2,4,0,6.25,0,50.0,13045.12,4,,1.0,13045.12,1,False,0.139,6.982999999,0.612,Can have 2,
60,15024,NBA CCUF,0,V218,13150.0,13080,172.002,15015,,10,Etanks & Fermenter,24,0,0,370600,0,37.5,0,1.76,652256.0,1,2,4,0,6.25,0,50.0,13045.12,4,,1.0,13045.12,1,False,0.139,6.982999999,0.612,Can have 2,
61,15255,XEA CCUF,0,V42,14368.0,14150,203.3072,15253,,10,Etanks & Fermenter,0,0,0,220000,0,32.609999999,0,2.02,444400.0,1,2,2,0,6.83,0,31.0,14335.4838709677,4,,1.0,14335.4838709677,1,False,0.008,0.008,0.008,,
62,15255,XEA CCUF,0,V140,14368.0,19810,284.63008,15253,,10,Etanks & Fermenter,0,0,0,308000,0,32.609999999,0,2.02,622160.0,1,2,2,0,5.44,0,31.0,20069.6774193548,4,,1.0,20069.6774193548,1,False,0.005,0.005,0.005,,
63,15255,XEA CCUF,0,V200,14368.0,30847,443.209696,15253,,10,Etanks & Fermenter,0,0,0,479600,0,32.609999999,0,2.02,968792.0,1,2,4,0,5.44,0,31.0,31251.3548387097,4,,1.0,31251.3548387097,1,False,0.004,0.004,0.004,,
64,15255,XEA CCUF,0,V218,14368.0,30847,443.209696,15253,,10,Etanks & Fermenter,0,0,0,479600,0,32.609999999,0,2.02,968792.0,1,2,4,0,5.44,0,31.0,31251.3548387097,4,,1.0,31251.3548387097,1,False,0.004,0.004,0.004,,
65,15256,XEA CCUF STAB,0,V42,7184.5,28300,203.32135,15253,,10,Etanks & Fermenter,0,0,0,220000,0,41.67,0,2.02,444400.0,1,2,2,0,6.95,0,31.0,14335.4838709677,4,Yes,2.0,28670.9677419354,1,False,0.008,0.008,0.008,,
66,15256,XEA CCUF STAB,0,V140,7184.5,39620,284.64989,15253,,10,Etanks & Fermenter,0,0,0,308000,0,41.67,0,2.02,622160.0,1,2,2,0,6.95,0,31.0,20069.6774193548,4,Yes,2.0,40139.3548387096,1,False,0.005,0.005,0.005,,
67,15256,XEA CCUF STAB,0,V200,7184.5,61694,443.240543,15253,,10,Etanks & Fermenter,0,0,0,479600,0,41.67,0,2.02,968792.0,1,2,4,0,6.95,0,31.0,31251.3548387097,4,Yes,2.0,62502.7096774194,1,False,0.004,0.004,0.004,,
68,15256,XEA CCUF STAB,0,V218,7184.5,61694,443.240543,15253,,10,Etanks & Fermenter,0,0,0,479600,0,41.67,0,2.02,968792.0,1,2,4,0,6.95,0,31.0,31251.3548387097,4,Yes,2.0,62502.7096774194,1,False,0.004,0.004,0.004,,
69,15536,ZBJ CCUF,0,V100,28838.0,5000,144.19,15532,,20,V01,0,0,0,80000,0,48.25,0,1.879999999,150399.99992,1,2,1,0,5.36,0,30.0,5013.33333066667,4,,1.0,5013.33333066667,1,False,0.025,0.025,0.025,,
70,15536,ZBJ CCUF,0,V140,28838.0,7000,201.866,15532,,20,V01,0,0,0,112000,0,48.25,0,1.879999999,210559.999888,1,2,1,0,5.36,0,30.0,7018.66666293333,4,,1.0,7018.66666293333,1,False,0.018,0.018,0.018,,
71,15536,ZBJ CCUF,0,V200,28838.0,10900,314.3342,15532,,20,V01,0,0,0,174400,0,48.25,0,1.879999999,327871.9998256,1,2,2,0,5.36,0,30.0,10929.0666608533,4,,1.0,10929.0666608533,1,False,0.011,0.011,0.011,,
72,15536,ZBJ CCUF,0,V218,28838.0,10900,314.3342,15532,,20,V01,0,0,0,174400,0,48.25,0,1.879999999,327871.9998256,1,2,2,0,5.36,0,30.0,10929.0666608533,4,,1.0,10929.0666608533,1,False,0.011,0.011,0.011,,
73,15537,ZBJ CCUF STABILISED,0,V100,21052.0,10000,210.52,15532,,20,V01,0,0,0,80000,0,30.0,0,1.879999999,150399.99992,1,2,1,0,3.569999999,0,30.0,5013.33333066667,4,Yes,2.0,10026.6666613333,1,False,0.025,0.025,0.025,,
74,15537,ZBJ CCUF STABILISED,0,V140,21052.0,14000,294.728,15532,,20,V01,0,0,0,112000,0,30.0,0,1.879999999,210559.999888,1,2,1,0,3.569999999,0,30.0,7018.66666293333,4,Yes,2.0,14037.3333258667,1,False,0.018,0.018,0.018,,
75,15537,ZBJ CCUF STABILISED,0,V200,21052.0,21800,458.9336,15532,,20,V01,0,0,0,174400,0,30.0,0,1.879999999,327871.9998256,1,2,2,0,3.569999999,0,30.0,10929.0666608533,4,Yes,2.0,21858.1333217066,1,False,0.011,0.011,0.011,,
76,15537,ZBJ CCUF STABILISED,0,V218,21052.0,21800,458.9336,15532,,20,V01,0,0,0,174400,0,30.0,0,1.879999999,327871.9998256,1,2,2,0,3.569999999,0,30.0,10929.0666608533,4,Yes,2.0,21858.1333217066,1,False,0.011,0.011,0.011,,
77,17276,PENGOX CCUF,0,V100,8250.0,4000,33.0,17272,,16,Etanks & Fermenter,24,0,0,90000,0,63.729999999,0,1.669999999,150299.99991,1,2,1,0,13.539999999,0,38.0,3955.26315552632,4,,1.0,3955.26315552632,1,False,0.093,4.347999999,4.129999999,,
78,17276,PENGOX CCUF,0,V140,8250.0,5600,46.2,17272,,16,Etanks & Fermenter,24,0,0,126000,0,63.729999999,0,1.669999999,210419.999874,1,2,1,0,13.539999999,0,38.0,5537.36841773684,4,,1.0,5537.36841773684,1,False,0.067,3.105999999,2.95,,
79,17276,PENGOX CCUF,0,V200,8250.0,8720,71.94,17272,,16,Etanks & Fermenter,24,0,0,196200,0,63.729999999,0,1.669999999,327653.9998038,1,2,2,0,13.539999999,0,38.0,8622.47367904737,4,,1.0,8622.47367904737,1,False,0.086,3.988999999,3.789,,
80,17276,PENGOX CCUF,0,V218,8250.0,8720,71.94,17272,,16,Etanks & Fermenter,24,0,0,196200,0,63.729999999,0,1.669999999,327653.9998038,1,2,2,0,13.539999999,0,38.0,8622.47367904737,4,,1.0,8622.47367904737,1,False,0.086,3.988999999,3.789,,
81,17291,MAXILACT GPP CCUF STAB,0,V100,13333.4,14850,198.00099,17235,,20,V01,20,0,0,115714,0,42.67,0,1.85,214070.9,1,2,3,0,7.11,0,25.0,8562.836,4,Yes,1.724167,14763.759257612,1,False,0.077,5.245,0.375,Can have 2,
82,17291,MAXILACT GPP CCUF STAB,0,V140,13333.4,20790,277.201386,17235,,20,V01,20,0,0,162000,0,42.67,0,1.85,299700.0,1,2,3,0,7.019999999,0,25.0,11988.0,4,Yes,1.724167,20669.313996,1,False,0.055,3.746,0.268,Can have 2,
83,17291,MAXILACT GPP CCUF STAB,0,V200,13333.4,32373,431.6421582,17235,,21,V01,21,0,0,202429,0,19.27895238,0,1.98,400809.42,1,2,4,0,6.0,0,18.18181818,22044.5181022044,4,Yes,1.724167,38008.4306427235,1,False,0.055,3.746,0.268,Can have 2,
84,17291,MAXILACT GPP CCUF STAB,0,V218,13333.4,32373,431.6421582,17235,,20,V01,20,0,0,252257,0,42.67,0,1.85,466675.45,1,2,5,0,7.11,0,25.0,18667.018,4,Yes,1.724167,32185.056424006,1,False,0.055,3.746,0.268,Can have 2,
85,17516,MAM CCUF STABILISED,0,V100,11931.5,14600,174.1999,10998,,8,Etanks & Fermenter,24,0,0,176400,0,42.67,0,1.639999999,289295.9998236,1,2,3,0,7.11,0,40.0,7232.39999559,4,Yes,2.0,14464.79999118,1,False,0.151,7.610999999,0.667,Can have 2,
86,17516,MAM CCUF STABILISED,0,V140,11931.5,20440,243.87986,10998,,8,Etanks & Fermenter,24,0,0,246960,0,42.67,0,1.639999999,405014.39975304,1,2,3,0,7.11,0,40.0,10125.359993826,4,Yes,2.0,20250.719987652,1,False,0.151,7.610999999,0.667,Can have 2,
87,17516,MAM CCUF STABILISED,0,V200,11931.5,31828,379.755782,10998,,8,Etanks & Fermenter,24,0,0,384552,0,42.67,0,1.639999999,630665.279615448,1,2,6,0,7.11,0,40.0,15766.6319903862,4,Yes,2.0,31533.2639807724,1,False,0.139,6.982999999,0.612,Can have 2,
88,17516,MAM CCUF STABILISED,0,V218,11931.5,31828,379.755782,10998,,8,Etanks & Fermenter,24,0,0,384552,0,42.67,0,1.639999999,630665.279615448,1,2,6,0,7.11,0,40.0,15766.6319903862,4,Yes,2.0,31533.2639807724,1,False,0.139,6.982999999,0.612,Can have 2,
89,17930,ASG CCDF,0,V100,11982.0,3000,35.946,14469,,10,Etanks & Fermenter,0,0,0,93000,0,41.67,0,1.61,149730.0,1,2,1,0,6.95,0,50.0,2994.6,4,,1.0,2994.6,1,False,0.085,8.570999999,6.429,,
90,17930,ASG CCDF,0,V140,11982.0,4200,50.3244,14469,,10,Etanks & Fermenter,0,0,0,130200,0,41.67,0,1.61,209622.0,1,2,1,0,6.95,0,50.0,4192.44,4,,1.0,4192.44,1,False,0.06,6.121999999,4.591999999,,
91,17930,ASG CCDF,0,V200,11982.0,6540,78.36228,14469,,10,Etanks & Fermenter,0,0,0,202740,0,41.67,0,1.61,326411.4,1,2,2,0,6.95,0,50.0,6528.228,4,,1.0,6528.228,1,False,0.085,8.570999999,6.429,,
92,17930,ASG CCDF,0,V218,11982.0,6540,78.36228,14469,,10,Etanks & Fermenter,0,0,0,202740,0,41.67,0,1.61,326411.4,1,2,2,0,9.8,0,50.0,6528.228,4,,1.0,6528.228,1,False,0.085,8.570999999,6.429,,
93,19765,ASG MF CCUF,1,V100,11982.0,3000,35.946,14469,,32,Etanks & Fermenter,0,0,0,75000,0,3833.0,0,3.069999999,230249.999925,1,2,1,0,4600.0,0,77.0,2990.25973928571,4,,1.0,2990.25973928571,1,False,0.118,12.0,9.0,,
94,19765,ASG MF CCUF,1,V140,11982.0,4200,50.3244,14469,,32,Etanks & Fermenter,0,0,0,105000,0,3833.0,0,3.069999999,322349.999895,1,2,1,0,4600.0,0,77.0,4186.363635,4,,1.0,4186.363635,1,False,0.085,8.570999999,6.429,,
95,19765,ASG MF CCUF,1,V200,11982.0,6540,78.36228,14469,,32,Etanks & Fermenter,0,0,0,163500,0,3833.0,0,3.069999999,501944.9998365,1,2,2,0,4600.0,0,77.0,6518.76623164286,4,,1.0,6518.76623164286,1,False,0.118,12.0,9.0,,
96,19765,ASG MF CCUF,1,V218,11982.0,6540,78.36228,14469,,32,Etanks & Fermenter,0,0,0,163500,0,3833.0,0,3.069999999,501944.9998365,1,2,2,0,20.16,0,77.0,6518.76623164286,4,,1.0,6518.76623164286,1,False,0.118,12.0,9.0,,
97,19767,ASG MF CCUF STAB,1,V100,5991.0,6000,35.946,14469,,32,Etanks & Fermenter,0,0,0,75000,0,3833.0,0,3.069999999,230249.999925,1,2,1,0,4600.0,0,77.0,2990.25973928571,4,Yes,2.0,5980.51947857142,1,False,0.118,12.0,9.0,,
98,19767,ASG MF CCUF STAB,1,V140,5991.0,8400,50.3244,14469,,32,Etanks & Fermenter,0,0,0,105000,0,3833.0,0,3.069999999,322349.999895,1,2,1,0,4600.0,0,77.0,4186.363635,4,Yes,2.0,8372.72727,1,False,0.085,8.570999999,6.429,,
99,19767,ASG MF CCUF STAB,1,V200,5991.0,13080,78.36228,14469,,32,Etanks & Fermenter,0,0,0,163500,0,3833.0,0,3.069999999,501944.9998365,1,2,2,0,4600.0,0,77.0,6518.76623164286,4,Yes,2.0,13037.5324632857,1,False,0.118,12.0,9.0,,
100,19767,ASG MF CCUF STAB,1,V218,5991.0,13080,78.36228,14469,,32,Etanks & Fermenter,0,0,0,163500,0,3833.0,0,3.069999999,501944.9998365,1,2,2,0,20.16,0,77.0,6518.76623164286,4,Yes,2.0,13037.5324632857,1,False,0.118,12.0,9.0,,
101,20343,"PLA2 CCDF STAB CACL2, BULK",0,V100,4224.899999999,8500,35.9116499999915,4778,,18,Etanks & Fermenter,14,0,0,170000,0,52.63,0,1.909999999,324699.99983,1,2,1,0,6.669999999,0,41.0,7919.51219097561,4,Yes,1.0625,8414.48170291159,1,False,0.076,21.789,10.55,,
102,20343,"PLA2 CCDF STAB CACL2, BULK",0,V140,4224.899999999,11900,50.2763099999881,4778,,18,Etanks & Fermenter,14,0,0,238000,0,52.63,0,1.909999999,454579.999762,1,2,1,0,6.669999999,0,41.0,11087.3170673659,4,Yes,1.0625,11780.2743840763,1,False,0.054,15.564,7.535999999,,
103,20343,"PLA2 CCDF STAB CACL2, BULK",0,V200,4224.899999999,18530,78.2873969999815,4778,,18,Etanks & Fermenter,14,0,0,370600,0,52.63,0,1.909999999,707845.9996294,1,2,2,0,6.669999999,0,41.0,17264.5365763268,4,Yes,1.0625,18343.5701123472,1,False,0.076,21.789,10.55,,
104,20343,"PLA2 CCDF STAB CACL2, BULK",0,V218,4224.899999999,18530,78.2873969999815,4778,,18,Etanks & Fermenter,14,0,0,370600,0,52.63,0,1.909999999,707845.9996294,1,2,2,0,6.669999999,0,41.0,17264.5365763268,4,Yes,1.0625,18343.5701123472,1,False,0.076,21.789,10.55,,
105,20353,PI-PLC CCUF,0,V100,19352.0,1500,29.028,20348,,3,V01,34,0,0,110000,0,87.299999999,0,1.75,192500.0,1,2,1,0,14.55,0,128.0,1503.906,4,,1.0,1503.906,1,False,0.4,10.0,2.888999999,Must have 2,
106,20353,PI-PLC CCUF,0,V140,19352.0,2100,40.6392,20348,,3,V01,34,0,0,154000,0,87.299999999,0,1.75,269500.0,1,2,1,0,14.55,0,128.0,2105.469,4,,1.0,2105.469,1,False,0.286,7.142999999,2.063,Must have 2,
107,20353,PI-PLC CCUF,0,V200,19352.0,3270,63.28104,20348,,3,V01,34,0,0,239800,0,87.299999999,0,1.75,419650.0,1,2,2,0,14.55,0,128.0,3278.516,4,,1.0,3278.516,1,False,0.367,9.173999999,2.649999999,Must have 2,
108,20353,PI-PLC CCUF,0,V218,19352.0,3270,63.28104,20348,,3,V01,34,0,0,239800,0,87.299999999,0,1.75,419650.0,1,2,2,0,14.55,0,128.0,3278.516,4,,1.0,3278.516,1,False,0.367,9.173999999,2.649999999,Must have 2,
109,20355,PI-PLC CCUF STABILIZED,0,V100,8717.0,3330,29.02761,20348,,3,V01,34,0,0,110000,0,24.44444444,0,1.8,198000.0,1,2,1,0,10.41,0,131.6571429,1503.90624951045,4,Yes,2.22,3338.6718739132,1,False,0.4,10.0,2.888999999,Must have 2,
110,20355,PI-PLC CCUF STABILIZED,0,V140,8717.0,4662,40.638654,20348,,3,V01,34,0,0,154000,0,42.25,0,1.75,269500.0,1,2,1,0,7.04,0,128.0,2105.469,4,Yes,2.22,4674.14118,1,False,0.286,7.142999999,2.063,Must have 2,
111,20355,PI-PLC CCUF STABILIZED,0,V200,8717.0,7259,63.276703,20348,,3,V01,34,0,0,239800,0,42.25,0,1.75,419650.0,1,2,2,0,7.04,0,128.0,3278.516,4,Yes,2.22,7278.30552,1,False,0.367,9.173999999,2.649999999,Must have 2,
112,20355,PI-PLC CCUF STABILIZED,0,V218,8717.0,7259,63.276703,20348,,3,V01,34,0,0,239800,0,42.25,0,1.75,419650.0,1,2,2,0,7.04,0,128.0,3278.516,4,Yes,2.22,7278.30552,1,False,0.367,9.173999999,2.649999999,Must have 2,
113,20634,CINDERELLA MF CCUF,1,V100,1750.0,15000,26.25,17510,,8,Etanks & Fermenter,0,0,0,92000,0,2154.0,0,3.04,279680.0,1,2,3,0,2154.0,0,19.0,14720.0,4,,1.0,14720.0,1,False,0.013,1.044,0.769,,
114,20634,CINDERELLA MF CCUF,1,V140,1750.0,21000,36.75,17510,,8,Etanks & Fermenter,0,0,0,128800,0,2154.0,0,3.04,391552.0,1,2,5,0,2154.0,0,19.0,20608.0,4,,1.0,20608.0,1,False,0.009,0.746,0.549,,
115,20634,CINDERELLA MF CCUF,1,V200,1750.0,32700,57.225,17510,,8,Etanks & Fermenter,0,0,0,200560,0,2154.0,0,3.04,609702.4,1,2,9,0,2154.0,0,19.0,32089.6,4,,1.0,32089.6,1,False,0.013,1.044,0.769,,
116,20634,CINDERELLA MF CCUF,1,V218,1750.0,32700,57.225,17510,,8,Etanks & Fermenter,0,0,0,200560,0,7.809999999,0,3.04,609702.4,1,2,9,0,2154.0,0,19.0,32089.6,4,,1.0,32089.6,1,False,0.013,1.044,0.769,,
117,20635,CINDERELLA MF CCUF STAB,1,V100,875.0,30000,26.25,17510,,8,Etanks & Fermenter,0,0,0,92000,0,2154.0,0,3.04,279680.0,1,2,3,0,2154.0,0,19.0,14720.0,4,Yes,2.0,29440.0,1,False,0.013,1.044,0.769,,
118,20635,CINDERELLA MF CCUF STAB,1,V140,875.0,42000,36.75,17510,,8,Etanks & Fermenter,0,0,0,128800,0,2154.0,0,3.04,391552.0,1,2,5,0,2154.0,0,19.0,20608.0,4,Yes,2.0,41216.0,1,False,0.009,0.746,0.549,,
119,20635,CINDERELLA MF CCUF STAB,1,V200,875.0,65400,57.225,17510,,8,Etanks & Fermenter,0,0,0,200560,0,2154.0,0,3.04,609702.4,1,2,9,0,2154.0,0,19.0,32089.6,4,Yes,2.0,64179.2,1,False,0.013,1.044,0.769,,
120,20635,CINDERELLA MF CCUF STAB,1,V218,875.0,65400,57.225,17510,,8,Etanks & Fermenter,0,0,0,200560,0,7.809999999,0,3.04,609702.4,1,2,9,0,2154.0,0,19.0,32089.6,4,Yes,2.0,64179.2,1,False,0.013,1.044,0.769,,
121,20656,GPP CCUF FOR STAB,0,V100,145800.0,8613,1255.7754,17235,,20,V01,20,0,0,115714,0,101.819999999,0,1.85,214070.9,1,2,3,0,13.33,0,25.0,8562.836,4,,1.0,8562.836,1,False,0.077,5.245,0.375,Can have 2,
122,20656,GPP CCUF FOR STAB,0,V140,145800.0,12058,1758.0564,17235,,20,V01,20,0,0,162000,0,101.819999999,0,1.85,299700.0,1,2,3,0,7.019999999,0,25.0,11988.0,4,,1.0,11988.0,1,False,0.055,3.746,0.268,Can have 2,
123,20656,GPP CCUF FOR STAB,0,V200,145800.0,18776,2737.5408,17235,,20,V01,20,0,0,252257,0,101.819999999,0,1.85,466675.45,1,2,5,0,13.33,0,25.0,18667.018,4,,1.0,18667.018,1,False,0.055,3.746,0.268,Can have 2,
124,20656,GPP CCUF FOR STAB,0,V218,145800.0,18776,2737.5408,17235,,20,V01,20,0,0,252257,0,101.819999999,0,1.85,466675.45,1,2,5,0,13.33,0,25.0,18667.018,4,,1.0,18667.018,1,False,0.055,3.746,0.268,Can have 2,
125,20906,MAXIREN KPO MF CCUF,1,V100,2899.0,4500,13.0455,4692,,7,Etanks & Fermenter,0,0,0,66000,0,2727.0,0,2.73,180180.0,1,2,2,0,2727.0,0,40.0,4504.5,4,,1.0,4504.5,1,False,0.026,2.056,1.514999999,,
126,20906,MAXIREN KPO MF CCUF,1,V140,2899.0,6300,18.2637,4692,,7,Etanks & Fermenter,0,0,0,92400,0,2727.0,0,2.73,252252.0,1,2,3,0,2727.0,0,40.0,6306.3,4,,1.0,6306.3,1,False,0.019,1.469,1.082,,
127,20906,MAXIREN KPO MF CCUF,1,V200,2899.0,9810,28.43919,4692,,7,Etanks & Fermenter,0,0,0,143880,0,2727.0,0,2.73,392792.4,1,2,4,0,2727.0,0,40.0,9819.81,4,,1.0,9819.81,1,False,0.026,2.056,1.514999999,,
128,20906,MAXIREN KPO MF CCUF,1,V218,2899.0,9810,28.43919,4692,,7,Etanks & Fermenter,0,0,0,143880,0,2727.0,0,2.73,392792.4,1,2,4,0,2727.0,0,40.0,9819.81,4,,1.0,9819.81,1,False,0.026,2.056,1.514999999,,
129,21136,MAXILACT FLW CCUF,0,V100,10909.2,15143,165.1980156,21132,,27,V01,25,0,0,91429,0,73.109999999,0,1.73,158172.17,1,2,2,0,12.189999999,0,10.0,15817.217,4,,1.0,15817.217,1,False,0.062,4.195999999,0.3,,
130,21136,MAXILACT FLW CCUF,0,V140,10909.2,21200,231.27504,21132,,27,V01,25,0,0,128000,0,73.109999999,0,1.73,221440.0,1,2,2,0,12.189999999,0,10.0,22144.0,4,,1.0,22144.0,1,False,0.044,2.996999999,0.214,,
131,21136,MAXILACT FLW CCUF,0,V200,10909.2,33011,360.1236012,21132,,27,V01,25,0,0,199314,0,73.109999999,0,1.73,344813.22,1,2,3,0,12.189999999,0,10.0,34481.322,4,,1.0,34481.322,1,False,0.057,3.849,0.275,,
132,21136,MAXILACT FLW CCUF,0,V218,10909.2,33011,360.1236012,21132,,27,V01,25,0,0,199314,0,73.109999999,0,1.73,344813.22,1,2,3,0,12.189999999,0,10.0,34481.322,4,,1.0,34481.322,1,False,0.057,3.849,0.275,,
133,21708,GPP KPO BADATZ CCUF,0,V100,16583.0,5714,94.755262,21704,,24,V01,0,0,0,85714,0,43.329999999,0,2.0,171428.0,1,2,2,0,7.219999999,0,30.0,5714.26666666667,4,,1.0,5714.26666666667,1,False,0.08,5.394,0.385,,
134,21708,GPP KPO BADATZ CCUF,0,V140,16583.0,8000,132.664,21704,,24,V01,0,0,0,120000,0,43.329999999,0,2.0,240000.0,1,2,2,0,7.219999999,0,30.0,8000.0,4,,1.0,8000.0,1,False,0.057,3.853,0.275,,
135,21708,GPP KPO BADATZ CCUF,0,V200,16583.0,12457,206.574431,21704,,24,V01,0,0,0,186857,0,43.329999999,0,2.0,373714.0,1,2,4,0,7.219999999,0,30.0,12457.1333333333,4,,1.0,12457.1333333333,1,False,0.073,4.948999999,0.354,,
136,21708,GPP KPO BADATZ CCUF,0,V218,16583.0,12457,206.574431,21704,,24,V01,0,0,0,186857,0,43.329999999,0,2.0,373714.0,1,2,4,0,7.219999999,0,30.0,12457.1333333333,4,,1.0,12457.1333333333,1,False,0.073,4.948999999,0.354,,
137,21721,PBN CCUF STAB,0,V100,265290.0,3016,800.11464,4629,,5,V01,0,0,0,85714,0,43.329999999,0,1.669999999,143142.379914286,1,2,1,0,7.219999999,0,105.0,1363.26076108844,4,Yes,2.222105,3029.30855351843,1,False,0.336,11.199999999,4.759999999,,
138,21721,PBN CCUF STAB,0,V140,265290.0,4222,1120.05438,4629,,5,V01,0,0,0,120000,0,43.329999999,0,1.669999999,200399.99988,1,2,1,0,14.48,0,105.0,1908.57142742857,4,Yes,2.222105,4241.04611174616,1,False,0.24,8.0,3.399999999,,
139,21721,PBN CCUF STAB,0,V200,265290.0,6574,1744.01646,4629,,5,V01,0,0,0,186857,0,43.329999999,0,1.669999999,312051.189813143,1,2,2,0,7.219999999,0,105.0,2971.9160934585,4,Yes,2.222105,6603.9096108546,1,False,0.308,10.275,4.367,,
140,21721,PBN CCUF STAB,0,V218,265290.0,6574,1744.01646,4629,,5,V01,0,0,0,186857,0,43.329999999,0,1.669999999,312051.189813143,1,2,2,0,7.219999999,0,105.0,2971.9160934585,4,Yes,2.222105,6603.9096108546,1,False,0.308,10.275,4.367,,
141,23322,BXN CCUF,0,V100,32295.0,6592,212.88864,20322,,9,V01,22,0,0,67857,0,33.329999999,0,3.399999999,230713.799932143,1,2,2,0,5.559999999,0,35.0,6591.82285520409,4,,1.0,6591.82285520409,1,False,0.318,41.622,0.416,Must have 2,
142,23322,BXN CCUF,0,V140,32295.0,9229,298.050555,20322,,6,V01,22,0,0,161500,0,80.75,0,2.0,323000.0,1,2,2,0,35.89,0,35.0,9228.57142857143,4,,1.0,9228.57142857143,1,False,0.227,29.73,0.297,Must have 2,
143,23322,BXN CCUF,0,V200,32295.0,14371,464.111445,20322,,9,V01,22,0,0,147929,0,33.329999999,0,3.399999999,502958.599852071,1,2,4,0,5.559999999,0,35.0,14370.2457100592,4,,1.0,14370.2457100592,1,False,0.292,38.185,0.382,Must have 2,
144,23322,BXN CCUF,0,V218,32295.0,14371,464.111445,20322,,9,V01,22,0,0,147929,0,33.329999999,0,3.399999999,502958.599852071,1,2,4,0,5.559999999,0,35.0,14370.2457100592,4,,1.0,14370.2457100592,1,False,0.292,38.185,0.382,Must have 2,
145,23890,PLA1 CCUF,0,V100,246000.0,8000,1968.0,23888,,30,Etanks & Fermenter,10,0,0,92000,0,60.979999999,0,1.84,169280.0,1,2,2,0,9.259999999,0,21.0,8060.95238095238,4,,1.0,8060.95238095238,1,False,0.067,9.563,4.0,,
146,23890,PLA1 CCUF,0,V140,246000.0,11200,2755.2,23888,,30,Etanks & Fermenter,10,0,0,128800,0,60.979999999,0,1.84,236992.0,1,2,2,0,9.259999999,0,21.0,11285.3333333333,4,,1.0,11285.3333333333,1,False,0.048,6.83,2.857,,
147,23890,PLA1 CCUF,0,V200,246000.0,17440,4290.24,23888,,30,Etanks & Fermenter,10,0,0,200560,0,60.979999999,0,1.84,369030.4,1,2,4,0,9.259999999,0,21.0,17572.8761904762,4,,1.0,17572.8761904762,1,False,0.061,8.772999999,3.669999999,,
148,23890,PLA1 CCUF,0,V218,246000.0,17440,4290.24,23888,,30,Etanks & Fermenter,10,0,0,200560,0,60.979999999,0,1.84,369030.4,1,2,4,0,9.259999999,0,21.0,17572.8761904762,4,,1.0,17572.8761904762,1,False,0.061,8.772999999,3.669999999,,
149,23893,PLA1 CCUF STAB,0,V100,113000.0,17500,1977.5,23888,,30,Etanks & Fermenter,10,0,0,92000,0,68.409999999,0,1.84,169280.0,1,2,2,0,6.679999999,0,21.0,8060.95238095238,4,Yes,2.1875,17633.3333333333,1,False,0.067,9.563,4.0,,
150,23893,PLA1 CCUF STAB,0,V140,113000.0,24500,2768.5,23888,,30,Etanks & Fermenter,10,0,0,128800,0,68.409999999,0,1.84,236992.0,1,2,2,0,6.679999999,0,21.0,11285.3333333333,4,Yes,2.1875,24686.6666666666,1,False,0.048,6.83,2.857,,
151,23893,PLA1 CCUF STAB,0,V200,113000.0,38150,4310.95,23888,,30,Etanks & Fermenter,10,0,0,200560,0,68.409999999,0,1.84,369030.4,1,2,4,0,6.679999999,0,21.0,17572.8761904762,4,Yes,2.1875,38440.6666666667,1,False,0.061,8.772999999,3.669999999,,
152,23893,PLA1 CCUF STAB,0,V218,113000.0,38150,4310.95,23888,,30,Etanks & Fermenter,10,0,0,200560,0,68.409999999,0,1.84,369030.4,1,2,4,0,6.679999999,0,21.0,17572.8761904762,4,Yes,2.1875,38440.6666666667,1,False,0.061,8.772999999,3.669999999,Can have 2,
153,24478,ROM CCUF,0,V100,8650.0,6400,55.36,24455,,8,Etanks & Fermenter,24,0,0,173400,0,52.32,0,1.47,254898.0,1,2,3,0,8.039999999,0,40.0,6372.45,4,,1.0,6372.45,1,False,0.151,7.610999999,0.667,Can have 2,
154,24478,ROM CCUF,0,V140,8650.0,8960,77.504,24455,,8,Etanks & Fermenter,24,0,0,242760,0,52.32,0,1.47,356857.2,1,2,3,0,8.72,0,40.0,8921.43,4,,1.0,8921.43,1,False,0.108,5.437,0.476,Can have 2,
155,24478,ROM CCUF,0,V200,8650.0,13952,120.6848,24455,,8,Etanks & Fermenter,24,0,0,378012,0,52.32,0,1.47,555677.64,1,2,6,0,8.72,0,40.0,13891.941,4,,1.0,13891.941,1,False,0.139,6.982999999,0.612,Can have 2,
156,24478,ROM CCUF,0,V218,8650.0,13952,120.6848,24455,,8,Etanks & Fermenter,24,0,0,378012,0,52.32,0,1.47,555677.64,1,2,6,0,8.72,0,40.0,13891.941,4,,1.0,13891.941,1,False,0.139,6.982999999,0.612,,
157,24733,MADMAX CCUF,1,V100,1399.2,19266,26.9569872,24736,,4,Etanks & Fermenter,0,0,0,91743,0,2778.0,0,2.5,229357.5,1,2,3,0,2778.0,0,12.0,19113.13,4,,1.0,19113.13,1,False,0.032,2.507,1.841,,
158,24733,MADMAX CCUF,1,V140,1399.2,26972,37.7392224,24736,,4,Etanks & Fermenter,0,0,0,128440,0,2778.0,0,2.5,321100.0,1,2,5,0,2778.0,0,12.0,26758.3333333333,4,,1.0,26758.3333333333,1,False,0.023,1.790999999,1.314999999,,
159,24733,MADMAX CCUF,1,V200,1399.2,42000,58.7664,24736,,4,Etanks & Fermenter,0,0,0,200000,0,2778.0,0,2.5,500000.0,1,2,9,0,2778.0,0,12.0,41666.6666666667,4,,1.0,41666.6666666667,1,False,0.021,1.643999999,1.211,,
160,24733,MADMAX CCUF,1,V218,1399.2,42000,58.7664,24736,,4,Etanks & Fermenter,0,0,0,200000,0,2778.0,0,2.5,500000.0,1,2,9,0,2778.0,0,12.0,41666.6666666667,4,,1.0,41666.6666666667,1,False,0.021,1.643999999,1.211,,
161,24734,MADMAX CCUF STAB,1,V100,904.1,29817,26.9575497,24736,,4,Etanks & Fermenter,0,0,0,91743,0,2778.0,0,2.5,229357.5,1,2,3,0,2778.0,0,12.0,19113.13,4,Yes,1.547619,29579.84313747,1,False,0.032,2.507,1.841,,
162,24734,MADMAX CCUF STAB,1,V140,904.1,41743,37.7398463,24736,,4,Etanks & Fermenter,0,0,0,128440,0,2778.0,0,2.5,321100.0,1,2,5,0,2778.0,0,12.0,26758.3333333333,4,Yes,1.547619,41411.7050749999,1,False,0.023,1.790999999,1.314999999,,
163,24734,MADMAX CCUF STAB,1,V200,904.1,65000,58.7665,24736,,4,Etanks & Fermenter,0,0,0,200000,0,2778.0,0,2.5,500000.0,1,2,9,0,2778.0,0,12.0,41666.6666666667,4,Yes,1.547619,64484.1250000001,1,False,0.021,1.643999999,1.211,,
164,24734,MADMAX CCUF STAB,1,V218,904.1,65000,58.7665,24736,,4,Etanks & Fermenter,0,0,0,200000,0,2778.0,0,2.5,500000.0,1,2,9,0,2778.0,0,12.0,41666.6666666667,4,Yes,1.547619,64484.1250000001,1,False,0.021,1.643999999,1.211,,
165,25067,CIN KPO MF CCUF,1,V100,1900.0,4614,8.7666,25063,,7,Etanks & Fermenter,0,0,0,60000,0,2727.0,0,3.0,180000.0,1,2,2,0,2727.0,0,39.0,4615.38461538462,4,,1.0,4615.38461538462,1,False,0.026,2.056,1.514999999,,
166,25067,CIN KPO MF CCUF,1,V140,1900.0,6460,12.274,25063,,7,Etanks & Fermenter,0,0,0,84000,0,2727.0,0,3.0,252000.0,1,2,2,0,2727.0,0,39.0,6461.53846153846,4,,1.0,6461.53846153846,1,False,0.019,1.469,1.082,,
167,25067,CIN KPO MF CCUF,1,V200,1900.0,10059,19.1121,25063,,7,Etanks & Fermenter,0,0,0,130800,0,7.809999999,0,3.0,392400.0,1,2,4,0,2727.0,0,39.0,10061.5384615385,4,,1.0,10061.5384615385,1,False,0.024,1.885999999,1.389999999,,
168,25067,CIN KPO MF CCUF,1,V218,1900.0,10059,19.1121,25063,,7,Etanks & Fermenter,0,0,0,130800,0,7.809999999,0,3.0,392400.0,1,2,4,0,2727.0,0,39.0,10061.5384615385,4,,1.0,10061.5384615385,1,False,0.024,1.885999999,1.389999999,,
169,26708,"FUMZYME UF, BULK",1,V100,2619.0,12000,31.428,26696,,20,Etanks & Fermenter,0,0,0,61200,0,4000.0,0,3.66,223992.0,1,2,1,0,4000.0,0,19.0,11789.0526315789,4,,1.0,11789.0526315789,1,False,0.057,0.571,0.107,,
170,26708,"FUMZYME UF, BULK",1,V140,2619.0,16800,43.9992,26696,,20,Etanks & Fermenter,0,0,0,85680,0,4000.0,0,3.66,313588.8,1,2,1,0,4000.0,0,19.0,16504.6736842105,4,,1.0,16504.6736842105,1,False,0.041,0.408,0.077,,
171,26708,"FUMZYME UF, BULK",1,V200,2619.0,26160,68.51304,26696,,20,Etanks & Fermenter,0,0,0,133416,0,4000.0,0,3.66,488302.56,1,2,1,0,4000.0,0,19.0,25700.1347368421,4,,1.0,25700.1347368421,1,False,0.052,0.524,0.098,,
172,26708,"FUMZYME UF, BULK",1,V218,2619.0,26160,68.51304,26696,,20,Etanks & Fermenter,0,0,0,133416,0,4000.0,0,3.66,488302.56,1,2,1,0,4000.0,0,19.0,25700.1347368421,4,,1.0,25700.1347368421,1,False,0.052,0.524,0.098,,
173,26777,"CLIPASE CCUF, BULK",1,V100,1014.0,2000,2.028,26773,,15,Etanks & Fermenter,0,0,0,73000,0,2667.0,0,3.29,240170.0,1,2,1,0,2667.0,0,120.0,2001.41666666667,4,,1.0,2001.41666666667,1,False,0.011,0.444,0.333,,
174,26777,"CLIPASE CCUF, BULK",1,V140,1014.0,2800,2.8392,26773,,15,Etanks & Fermenter,0,0,0,102200,0,2667.0,0,3.29,336238.0,1,2,1,0,2667.0,0,120.0,2801.98333333333,4,,1.0,2801.98333333333,1,False,0.008,0.317,0.238,,
175,26777,"CLIPASE CCUF, BULK",1,V200,1014.0,4360,4.42104,26773,,15,Etanks & Fermenter,0,0,0,159140,0,2667.0,0,3.29,523570.6,1,2,1,0,2667.0,0,120.0,4363.08833333333,4,,1.0,4363.08833333333,1,False,0.01,0.408,0.306,,
176,26777,"CLIPASE CCUF, BULK",1,V218,1014.0,4360,4.42104,26773,,15,Etanks & Fermenter,0,0,0,159140,0,2667.0,0,3.29,523570.6,1,2,1,0,2667.0,0,120.0,4363.08833333333,4,,1.0,4363.08833333333,1,False,0.01,0.408,0.306,,
177,4552,AMYL FONG CCUF,0,V100,8023.0,3899,31.281677,4550,,10,Etanks & Fermenter,0,0,0,150459,0,46.92,0,1.71,257284.89,1,2,1,0,6.839999999,0,66.0,3898.25590909091,4,,1.0,3898.25590909091,1,False,0.083,8.253,6.695999999,,
178,4552,AMYL FONG CCUF,0,V140,8023.0,5459,43.797557,4550,,10,Etanks & Fermenter,0,0,0,210642,0,46.92,0,1.71,360197.82,1,2,1,0,6.839999999,0,66.0,5457.54272727273,4,,1.0,5457.54272727273,1,False,0.059,5.894999999,4.783,,
179,4552,AMYL FONG CCUF,0,V200,8023.0,8500,68.1955,4550,,10,Etanks & Fermenter,0,0,0,328000,0,46.92,0,1.71,560880.0,1,2,2,0,6.839999999,0,66.0,8498.18181818182,4,,1.0,8498.18181818182,1,False,0.076,7.570999999,6.142999999,,
180,4552,AMYL FONG CCUF,0,V218,8023.0,8500,68.1955,4550,,10,Etanks & Fermenter,0,0,0,328000,0,46.92,0,1.71,560880.0,1,2,2,0,6.839999999,0,66.0,8498.18181818182,4,,1.0,8498.18181818182,1,False,0.076,7.570999999,6.142999999,,
181,4557,ARF CCUF,0,V100,31213.0,3334,104.064142,4555,,10,Etanks & Fermenter,0,0,0,182571,0,47.5,0,1.62,295765.02,1,2,2,0,5.759999999,0,89.0,3323.20247191011,4,,1.0,3323.20247191011,1,False,0.03,5.940999999,8.513999999,Can have 2,
182,4557,ARF CCUF,0,V140,31213.0,4668,145.702284,4555,,10,Etanks & Fermenter,0,0,0,255600,0,47.5,0,1.62,414072.0,1,2,2,0,15.17,0,89.0,4652.49438202247,4,,1.0,4652.49438202247,1,False,0.03,5.945999999,8.513999999,Can have 2,
183,4557,ARF CCUF,0,V200,31213.0,7269,226.887297,4555,,10,Etanks & Fermenter,0,0,0,398006,0,47.5,0,1.62,644769.72,1,2,3,0,5.759999999,0,89.0,7244.60359550562,4,,1.0,7244.60359550562,1,False,0.027,5.45,7.811,Can have 2,
184,4557,ARF CCUF,0,V218,31213.0,7269,226.887297,4555,,10,Etanks & Fermenter,0,0,0,398006,0,47.5,0,1.62,644769.72,1,2,3,0,5.759999999,0,89.0,7244.60359550562,4,,1.0,7244.60359550562,1,False,0.038,7.636999999,10.935,Can have 2,
185,4560,AROME CCUF,0,V100,6627.699999999,3000,19.883099999997,4558,,5,Etanks & Fermenter,0,0,0,192500,0,63.789999999,0,1.71,329175.0,1,2,2,0,10.63,0,110.0,2992.5,4,,1.0,2992.5,1,False,0.038,12.444,10.0,,
186,4560,AROME CCUF,0,V140,6627.699999999,4200,27.8363399999958,4558,,5,Etanks & Fermenter,0,0,0,269500,0,63.789999999,0,1.71,460845.0,1,2,2,0,10.63,0,110.0,4189.5,4,,1.0,4189.5,1,False,0.027,8.888999999,7.142999999,,
187,4560,AROME CCUF,0,V200,6627.699999999,6540,43.3451579999935,4558,,5,Etanks & Fermenter,0,0,0,419650,0,63.789999999,0,1.71,717601.5,1,2,4,0,10.63,0,110.0,6523.65,4,,1.0,6523.65,1,False,0.035,11.417,9.173999999,,
188,4560,AROME CCUF,0,V218,6627.699999999,6540,43.3451579999935,4558,,5,Etanks & Fermenter,0,0,0,419650,0,63.789999999,0,1.71,717601.5,1,2,4,0,10.63,0,110.0,6523.65,4,,1.0,6523.65,1,False,0.035,11.417,9.173999999,,
189,4566,BGF CCUF,0,V100,541460.0,6071,3287.20366,4564,,12,Etanks & Fermenter,0,0,0,117857,0,70.0,0,1.58,186214.06,1,2,1,0,11.67,0,31.0,6006.90516129032,4,,1.0,6006.90516129032,1,False,0.063,7.7,7.817,Can have 2,
190,4566,BGF CCUF,0,V140,541460.0,8500,4602.41,4564,,12,Etanks & Fermenter,0,0,0,165000,0,70.0,0,1.58,260700.0,1,2,1,0,11.67,0,31.0,8409.67741935484,4,,1.0,8409.67741935484,1,False,0.045,5.5,5.583,Can have 2,
191,4566,BGF CCUF,0,V200,541460.0,13236,7166.76456,4564,,12,Etanks & Fermenter,0,0,0,256929,0,70.0,0,1.58,405947.82,1,2,2,0,11.67,0,31.0,13095.0909677419,4,,1.0,13095.0909677419,1,False,0.058,7.064,7.171,Can have 2,
192,4566,BGF CCUF,0,V218,541460.0,13236,7166.76456,4564,,12,Etanks & Fermenter,0,0,0,256929,0,70.0,0,1.58,405947.82,1,2,2,0,11.67,0,31.0,13095.0909677419,4,,1.0,13095.0909677419,1,False,0.058,7.064,7.171,Can have 2,
193,4567,BGF STABILISE,0,V100,243900.0,13479,3287.5281,4564,,12,Etanks & Fermenter,0,0,0,117857,0,52.32,0,1.58,186214.06,1,2,1,0,8.72,0,31.0,6006.90516129032,4,Yes,2.22,13335.3294580645,1,False,0.063,7.7,7.817,Can have 2,
194,4567,BGF STABILISE,0,V140,243900.0,18870,4602.393,4564,,6,Etanks & Fermenter,12,0,0,165000,0,27.5,0,1.76,290400.0,1,2,1,0,13.289999999,0,42.647058819,6809.37931106803,4,Yes,2.22,15116.822070571,1,False,0.045,5.5,5.583,Can have 2,
195,4567,BGF STABILISE,0,V200,243900.0,29383,7166.5137,4564,,12,Etanks & Fermenter,0,0,0,256929,0,52.32,0,1.58,405947.82,1,2,2,0,8.72,0,31.0,13095.0909677419,4,Yes,2.22,29071.101948387,1,False,0.058,7.064,7.171,Can have 2,
196,4567,BGF STABILISE,0,V218,243900.0,29383,7166.5137,4564,,12,Etanks & Fermenter,0,0,0,256929,0,52.32,0,1.58,405947.82,1,2,2,0,8.72,0,31.0,13095.0909677419,4,Yes,2.22,29071.101948387,1,False,0.058,7.064,7.171,Can have 2,
197,4582,CYT PCL CCUF STAB,0,V100,129700.0,5400,700.38,4580,,10,Etanks & Fermenter,0,0,0,112000,0,60.979999999,0,1.79,200480.0,1,2,1,0,9.259999999,0,74.0,2709.18918918919,4,Yes,2.0,5418.37837837838,1,False,0.045,3.182999999,7.5,,
198,4582,CYT PCL CCUF STAB,0,V140,129700.0,7560,980.532,4580,,10,Etanks & Fermenter,0,0,0,156800,0,60.979999999,0,1.79,280672.0,1,2,1,0,9.259999999,0,74.0,3792.86486486487,4,Yes,2.0,7585.72972972974,1,False,0.032,2.274,5.357,,
199,4582,CYT PCL CCUF STAB,0,V200,129700.0,11772,1526.8284,4580,,10,Etanks & Fermenter,0,0,0,244160,0,60.979999999,0,1.79,437046.4,1,2,2,0,9.259999999,0,74.0,5906.03243243243,4,Yes,2.0,11812.0648648649,1,False,0.041,2.919999999,6.881,,
200,4582,CYT PCL CCUF STAB,0,V218,129700.0,11772,1526.8284,4580,,10,Etanks & Fermenter,0,0,0,244160,0,60.979999999,0,1.79,437046.4,1,2,2,0,9.259999999,0,74.0,5906.03243243243,4,Yes,2.0,11812.0648648649,1,False,0.041,2.919999999,6.881,,
201,4586,FROMASE CCUF,0,V100,5869.199999999,11927,70.0019483999881,4584,,5,Etanks & Fermenter,8,0,0,174312,0,56.009999999,0,1.32,230091.84,1,2,2,0,9.339999999,0,19.0,12110.0968421053,4,,1.0,12110.0968421053,1,False,0.073,7.751,5.995,Can have 2,
202,4586,FROMASE CCUF,0,V140,5869.199999999,16697,97.9980323999833,4584,,5,Etanks & Fermenter,8,0,0,244037,0,56.009999999,0,1.32,322128.84,1,2,2,0,9.339999999,0,19.0,16954.1494736842,4,,1.0,16954.1494736842,1,False,0.052,5.536999999,4.282,Can have 2,
203,4586,FROMASE CCUF,0,V200,5869.199999999,26000,152.599199999974,4584,,5,Etanks & Fermenter,8,0,0,380000,0,56.009999999,0,1.32,501600.0,1,2,3,0,9.339999999,0,19.0,26400.0,4,,1.0,26400.0,1,False,0.067,7.110999999,5.5,Can have 2,
204,4586,FROMASE CCUF,0,V218,5869.199999999,26000,152.599199999974,4584,,4,Etanks & Fermenter,8,0,0,368000,0,44.87804878,0,1.34,493120.0,1,2,3,0,11.67,0,23.741045239,20770.7788362216,4,,1.0,20770.7788362216,1,False,0.067,7.110999999,5.5,Can have 2,
205,4591,GOX CCUF,0,V100,23627.0,4954,117.048158,4589,,13,Etanks & Fermenter,0,0,0,100917,0,58.329999999,0,1.28,129173.76,1,2,1,0,7.78,0,26.0,4968.22153846154,4,,1.0,4968.22153846154,1,False,0.296,13.702999999,2.335999999,Can have 2,
206,4591,GOX CCUF,0,V140,23627.0,6936,163.876872,4589,,13,Etanks & Fermenter,0,0,0,141284,0,58.329999999,0,1.28,180843.52,1,2,1,0,7.78,0,26.0,6955.52,4,,1.0,6955.52,1,False,0.211,9.788,1.667999999,Can have 2,
207,4591,GOX CCUF,0,V200,23627.0,10800,255.1716,4589,,14,Etanks & Fermenter,20,0,0,220000,0,58.329999999,0,1.28,281600.0,1,2,2,0,7.04,0,27.07692308,10399.9999988182,4,,1.0,10399.9999988182,1,False,0.271,12.571,2.142999999,Can have 2,
208,4591,GOX CCUF,0,V218,23627.0,10800,255.1716,4589,,14,Etanks & Fermenter,20,0,0,220000,0,58.329999999,0,1.28,281600.0,1,2,2,0,7.04,0,27.07692308,10399.9999988182,4,,1.0,10399.9999988182,1,False,0.271,12.571,2.142999999,Can have 2,
209,4594,MAXINVERT CCUF,0,V100,131000.0,4500,589.5,10244,,15,Etanks & Fermenter,0,0,0,128000,0,58.329999999,0,1.879999999,240639.999872,1,2,1,0,7.78,0,53.0,4540.37735607547,4,,1.0,4540.37735607547,1,False,0.205,20.699999999,4.5,,
210,4594,MAXINVERT CCUF,0,V140,131000.0,6300,825.3,10244,,15,Etanks & Fermenter,0,0,0,179200,0,58.329999999,0,1.879999999,336895.9998208,1,2,1,0,7.78,0,53.0,6356.52829850566,4,,1.0,6356.52829850566,1,False,0.146,14.786,3.214,,
211,4594,MAXINVERT CCUF,0,V200,131000.0,9810,1285.11,10244,,15,Etanks & Fermenter,0,0,0,279040,0,58.329999999,0,1.879999999,524595.19972096,1,2,2,0,7.78,0,53.0,9898.02263624453,4,,1.0,9898.02263624453,1,False,0.205,20.699999999,4.5,,
212,4594,MAXINVERT CCUF,0,V218,131000.0,9810,1285.11,10244,,15,Etanks & Fermenter,0,0,0,279040,0,58.329999999,0,1.879999999,524595.19972096,1,2,2,0,15.83,0,53.0,9898.02263624453,4,,1.0,9898.02263624453,1,False,0.205,20.699999999,4.5,,
213,4613,LYX CCUF,0,V100,11667.0,6881,80.280627,4611,,10,Etanks & Fermenter,20,0,0,119266,0,118.28,0,1.31,156238.46,1,2,1,0,15.77,0,23.0,6792.97652173913,4,,1.0,6792.97652173913,1,False,0.099,11.561,6.605999999,,
214,4613,LYX CCUF,0,V140,11667.0,9633,112.388211,4611,,10,Etanks & Fermenter,20,0,0,166972,0,118.28,0,1.31,218733.32,1,2,1,0,15.77,0,23.0,9510.14434782609,4,,1.0,9510.14434782609,1,False,0.071,8.257999999,4.719,,
215,4613,LYX CCUF,0,V200,11667.0,15000,175.005,4611,,10,Etanks & Fermenter,20,0,0,260000,0,118.28,0,1.31,340600.0,1,2,2,0,15.77,0,23.0,14808.6956521739,4,,1.0,14808.6956521739,1,False,0.091,10.606,6.060999999,,
216,4613,LYX CCUF,0,V218,11667.0,15000,175.005,4611,,10,Etanks & Fermenter,20,0,0,260000,0,118.28,0,1.31,340600.0,1,2,2,0,15.77,0,23.0,14808.6956521739,4,,1.0,14808.6956521739,1,False,0.091,10.606,6.060999999,,
217,4616,PEC CCUF STAB,0,V100,378810.0,11284,4274.49204,4614,,5,Etanks & Fermenter,10,0,0,206422,0,63.729999999,0,1.399999999,288990.799793578,1,2,1,0,13.539999999,0,53.0,5452.65659987883,4,Yes,2.049999999,11177.9460242989,1,False,0.291,9.689,4.118,,
218,4616,PEC CCUF STAB,0,V140,378810.0,15798,5984.44038,4614,,5,Etanks & Fermenter,10,0,0,288991,0,63.729999999,0,1.399999999,404587.399711009,1,2,1,0,13.539999999,0,53.0,7633.72452284923,4,Yes,2.049999999,15649.1352642072,1,False,0.208,6.921,2.940999999,,
219,4616,PEC CCUF STAB,0,V200,378810.0,24600,9318.726,4614,,5,Etanks & Fermenter,10,0,0,450000,0,63.729999999,0,1.399999999,629999.99955,1,2,2,0,13.539999999,0,53.0,11886.7924443396,4,Yes,2.049999999,24367.9244990094,1,False,0.039,4.443999999,1.443999999,,
220,4616,PEC CCUF STAB,0,V218,378810.0,24600,9318.726,4614,,5,Etanks & Fermenter,10,0,0,450000,0,63.729999999,0,1.399999999,629999.99955,1,2,2,0,13.539999999,0,53.0,11886.7924443396,4,Yes,2.049999999,24367.9244990094,1,False,0.039,4.443999999,1.443999999,,
221,4627,PNR CCUF,0,V100,900000.0,4286,3857.4,4625,,5,V01,0,0,0,71429,0,33.329999999,0,1.899999999,135715.099928571,1,2,2,0,5.559999999,0,32.0,4241.09687276784,4,,1.0,4241.09687276784,1,False,0.463,11.709,3.181999999,,
222,4627,PNR CCUF,0,V140,900000.0,6000,5400.0,4625,,5,V01,0,0,0,100000,0,33.329999999,0,1.899999999,189999.9999,1,2,2,0,5.559999999,0,32.0,5937.499996875,4,,1.0,5937.499996875,1,False,0.331,8.364,2.273,,
223,4627,PNR CCUF,0,V200,900000.0,9343,8408.7,4625,,5,V01,0,0,0,155714,0,33.329999999,0,1.899999999,295856.599844286,1,2,4,0,5.559999999,0,32.0,9245.51874513394,4,,1.0,9245.51874513394,1,False,0.425,10.742,2.919,,
224,4627,PNR CCUF,0,V218,900000.0,9343,8408.7,4625,,5,V01,0,0,0,155714,0,33.329999999,0,1.899999999,295856.599844286,1,2,4,0,5.559999999,0,32.0,9245.51874513394,4,,1.0,9245.51874513394,1,False,0.425,10.742,2.919,,
225,4630,PBN CCUF,0,V100,589000.0,1357,799.273,4629,,5,V01,0,0,0,85714,0,58.24,0,1.669999999,143142.379914286,1,2,1,0,6.389999999,0,105.0,1363.26076108844,4,,1.0,1363.26076108844,1,False,0.336,11.199999999,4.759999999,,
226,4630,PBN CCUF,0,V140,589000.0,1900,1119.1,4629,,5,V01,0,0,0,120000,0,58.24,0,1.669999999,200399.99988,1,2,1,0,14.48,0,105.0,1908.57142742857,4,,1.0,1908.57142742857,1,False,0.24,8.0,3.399999999,,
227,4630,PBN CCUF,0,V200,589000.0,2959,1742.851,4629,,5,V01,0,0,0,186857,0,58.24,0,1.669999999,312051.189813143,1,2,2,0,6.389999999,0,105.0,2971.9160934585,4,,1.0,2971.9160934585,1,False,0.308,10.275,4.367,,
228,4630,PBN CCUF,0,V218,589000.0,2959,1742.851,4629,,5,V01,0,0,0,186857,0,58.24,0,1.669999999,312051.189813143,1,2,2,0,6.389999999,0,105.0,2971.9160934585,4,,1.0,2971.9160934585,1,False,0.308,10.275,4.367,,
229,4637,XYLANASE CCUF,0,V100,3168.76,1857,5.88438732,4635,,5,V01,4,0,0,67600,0,101.819999999,0,1.54,104104.0,1,2,1,0,13.33,0,56.0,1859.0,4,,1.0,1859.0,1,False,0.044,4.495,7.921,,
230,4637,XYLANASE CCUF,0,V140,3168.76,2600,8.238776,4635,,5,V01,4,0,0,94640,0,101.819999999,0,1.54,145745.6,1,2,1,0,13.33,0,56.0,2602.6,4,,1.0,2602.6,1,False,0.032,3.210999999,5.658,,
231,4637,XYLANASE CCUF,0,V200,3168.76,4049,12.83030924,4635,,5,V01,4,0,0,147368,0,101.819999999,0,1.54,226946.72,1,2,2,0,13.33,0,56.0,4052.62,4,,1.0,4052.62,1,False,0.041,4.123999999,7.267,,
232,4637,XYLANASE CCUF,0,V218,3168.76,4049,12.83030924,4635,,5,V01,4,0,0,147368,0,101.819999999,0,1.54,226946.72,1,2,2,0,13.33,0,56.0,4052.62,4,,1.0,4052.62,1,False,0.041,4.123999999,7.267,,
233,4645,FDASE CCUF,0,V100,8763.1,4800,42.06288,4643,,10,V01,0,0,0,117300,0,50.38,0,2.0,234600.0,1,2,2,0,6.639999999,0,49.0,4787.75510204082,4,,1.0,4787.75510204082,1,False,0.035,2.029999999,0.578,Must have 2,
234,4645,FDASE CCUF,0,V140,8763.1,6720,58.888032,4643,,4,V01,12,0,0,164220,0,23.46,0,2.0,328440.0,1,2,2,0,9.46,0,48.875,6720.0,4,,1.0,6720.0,1,False,0.025,1.449999999,0.413,Must have 2,
235,4645,FDASE CCUF,0,V200,8763.1,10464,91.6970784,4643,,10,V01,0,0,0,255714,0,50.38,0,2.0,511428.0,1,2,4,0,6.639999999,0,49.0,10437.306122449,4,,1.0,10437.306122449,1,False,0.032,1.862,0.53,Must have 2,
236,4645,FDASE CCUF,0,V218,8763.1,10464,91.6970784,4643,,10,V01,0,0,0,255714,0,50.38,0,2.0,511428.0,1,2,4,0,6.639999999,0,49.0,10437.306122449,4,,1.0,10437.306122449,1,False,0.032,1.862,0.53,Must have 2,
237,4668,PNR CCUF STAB,0,V100,405000.0,9514,3853.17,4625,,5,V01,0,0,0,71429,0,50.38,0,1.899999999,135715.099928571,1,2,2,0,6.639999999,0,32.0,4241.09687276784,4,Yes,2.22,9415.23505754461,1,False,0.463,11.709,3.181999999,,
238,4668,PNR CCUF STAB,0,V140,405000.0,13320,5394.6,4625,,5,V01,0,0,0,100000,0,50.38,0,1.899999999,189999.9999,1,2,2,0,6.639999999,0,32.0,5937.499996875,4,Yes,2.22,13181.2499930625,1,False,0.331,8.364,2.273,,
239,4668,PNR CCUF STAB,0,V200,405000.0,20741,8400.105,4625,,5,V01,0,0,0,155714,0,50.38,0,1.899999999,295856.599844286,1,2,4,0,6.639999999,0,32.0,9245.51874513394,4,Yes,2.22,20525.0516141973,1,False,0.425,10.742,2.919,,
240,4668,PNR CCUF STAB,0,V218,405000.0,20741,8400.105,4625,,5,V01,0,0,0,155714,0,50.38,0,1.899999999,295856.599844286,1,2,4,0,6.639999999,0,32.0,9245.51874513394,4,Yes,2.22,20525.0516141973,1,False,0.425,10.742,2.919,,
241,4683,EDX CCUF,0,V100,45249.0,7798,352.851702,4681,,5,Etanks & Fermenter,0,0,0,155046,0,45.52,0,1.62,251174.52,1,2,2,0,7.86,0,32.0,7849.20375,4,,1.0,7849.20375,1,False,0.234,31.686,12.294,,
242,4683,EDX CCUF,0,V140,45249.0,10917,493.983333,4681,,5,Etanks & Fermenter,0,0,0,217064,0,45.52,0,1.62,351643.68,1,2,2,0,7.86,0,32.0,10988.865,4,,1.0,10988.865,1,False,0.167,22.632999999,8.782,,
243,4683,EDX CCUF,0,V200,45249.0,17000,769.233,4681,,5,Etanks & Fermenter,0,0,0,338000,0,45.52,0,1.62,547560.0,1,2,4,0,7.86,0,32.0,17111.25,4,,1.0,17111.25,1,False,0.215,29.07,11.279,,
244,4683,EDX CCUF,0,V218,45249.0,17000,769.233,4681,,5,Etanks & Fermenter,0,0,0,338000,0,45.52,0,1.62,547560.0,1,2,4,0,7.86,0,32.0,17111.25,4,,1.0,17111.25,1,False,0.215,29.07,11.279,,
245,4690,PEC CCUF,0,V100,841710.0,5505,4633.61355,4614,,5,Etanks & Fermenter,10,0,0,206422,0,45.52,0,1.399999999,288990.799793578,1,2,1,0,7.86,0,53.0,5452.65659987883,4,,1.0,5452.65659987883,1,False,0.291,9.689,4.118,,
246,4690,PEC CCUF,0,V140,841710.0,7706,6486.21726,4614,,5,Etanks & Fermenter,10,0,0,288991,0,45.52,0,1.399999999,404587.399711009,1,2,1,0,7.86,0,53.0,7633.72452284923,4,,1.0,7633.72452284923,1,False,0.208,6.921,2.940999999,,
247,4690,PEC CCUF,0,V200,841710.0,12000,10100.52,4614,,5,Etanks & Fermenter,10,0,0,450000,0,45.52,0,1.399999999,629999.99955,1,2,2,0,7.86,0,53.0,11886.7924443396,4,,1.0,11886.7924443396,1,False,0.039,4.443999999,1.443999999,,
248,4690,PEC CCUF,0,V218,841710.0,12000,10100.52,4614,,5,Etanks & Fermenter,10,0,0,450000,0,45.52,0,1.399999999,629999.99955,1,2,2,0,7.86,0,53.0,11886.7924443396,4,,1.0,11886.7924443396,1,False,0.039,4.443999999,1.443999999,,
249,4725,MAXINVERT CCUF STAB,0,V100,65000.0,9000,585.0,10244,,15,Etanks & Fermenter,0,0,0,128000,0,37.5,0,1.879999999,240639.999872,1,2,1,0,5.21,0,53.0,4540.37735607547,4,Yes,2.0,9080.75471215094,1,False,0.205,20.699999999,4.5,,
250,4725,MAXINVERT CCUF STAB,0,V140,65000.0,12600,819.0,10244,,15,Etanks & Fermenter,0,0,0,179200,0,37.5,0,1.879999999,336895.9998208,1,2,1,0,5.21,0,53.0,6356.52829850566,4,Yes,2.0,12713.0565970113,1,False,0.146,14.786,3.214,,
251,4725,MAXINVERT CCUF STAB,0,V200,65000.0,19620,1275.3,10244,,15,Etanks & Fermenter,0,0,0,279040,0,37.5,0,1.879999999,524595.19972096,1,2,2,0,5.21,0,53.0,9898.02263624453,4,Yes,2.0,19796.0452724891,1,False,0.205,20.699999999,4.5,,
252,4725,MAXINVERT CCUF STAB,0,V218,65000.0,19620,1275.3,10244,,15,Etanks & Fermenter,0,0,0,279040,0,37.5,0,1.879999999,524595.19972096,1,2,2,0,15.83,0,53.0,9898.02263624453,4,Yes,2.0,19796.0452724891,1,False,0.205,20.699999999,4.5,,
253,4727,FROMASE CCUF L,0,V100,5335.699999999,13119,69.9990482999869,4584,,5,Etanks & Fermenter,8,0,0,174312,0,37.5,0,1.32,230091.84,1,2,2,0,5.21,0,19.0,12110.0968421053,4,Yes,1.1,13321.1065263158,1,False,0.073,7.751,5.995,Can have 2,
254,4727,FROMASE CCUF L,0,V140,5335.699999999,18367,98.0008018999816,4584,,5,Etanks & Fermenter,8,0,0,244037,0,37.5,0,1.32,322128.84,1,2,2,0,5.21,0,19.0,16954.1494736842,4,Yes,1.1,18649.5644210526,1,False,0.052,5.536999999,4.282,Can have 2,
255,4727,FROMASE CCUF L,0,V200,5335.699999999,28600,152.601019999971,4584,,5,Etanks & Fermenter,8,0,0,380000,0,37.5,0,1.32,501600.0,1,2,3,0,5.21,0,19.0,26400.0,4,Yes,1.1,29040.0,1,False,0.067,7.110999999,5.5,Can have 2,
256,4727,FROMASE CCUF L,0,V218,5335.699999999,28600,152.601019999971,4584,,5,Etanks & Fermenter,8,0,0,380000,0,37.5,0,1.32,501600.0,1,2,3,0,5.21,0,19.0,26400.0,4,Yes,1.1,29040.0,1,False,0.067,7.110999999,5.5,Can have 2,
257,4730,ARF CCUF STAB,0,V100,14934.0,6969,104.075046,4555,,10,Etanks & Fermenter,0,0,0,182571,0,58.332999999,0,1.62,295765.02,1,2,2,0,7.78,0,89.0,3323.20247191011,4,Yes,2.089974,6945.40676302786,1,False,0.03,5.940999999,8.513999999,Can have 2,
258,4730,ARF CCUF STAB,0,V140,14934.0,9756,145.696104,4555,,10,Etanks & Fermenter,0,0,0,255600,0,58.332999999,0,1.62,414072.0,1,2,2,0,15.17,0,89.0,4652.49438202247,4,Yes,2.089974,9723.59229357303,1,False,0.03,5.945999999,8.513999999,Can have 2,
259,4730,ARF CCUF STAB,0,V200,14934.0,15191,226.862394,4555,,10,Etanks & Fermenter,0,0,0,398006,0,30.832999999,0,1.62,644769.72,1,2,3,0,4.11,0,89.0,7244.60359550562,4,Yes,2.089974,15141.0331549133,1,False,0.027,5.45,7.811,Can have 2,
260,4730,ARF CCUF STAB,0,V218,14934.0,15191,226.862394,4555,,10,Etanks & Fermenter,0,0,0,398006,0,30.832999999,0,1.62,644769.72,1,2,3,0,4.11,0,89.0,7244.60359550562,4,Yes,2.089974,15141.0331549133,1,False,0.038,7.636999999,10.935,Can have 2,
261,4742,PHYTASE CCUF,0,V100,34193.0,14500,495.7985,4740,,10,Etanks & Fermenter,0,0,0,168000,0,58.329999999,0,1.669999999,280559.999832,1,2,2,0,7.78,0,19.0,14766.3157806316,4,,1.0,14766.3157806316,1,False,0.05,6.666999999,2.666999999,,
262,4742,PHYTASE CCUF,0,V140,34193.0,20300,694.1179,4740,,10,Etanks & Fermenter,0,0,0,235200,0,58.329999999,0,1.669999999,392783.9997648,1,2,2,0,7.78,0,19.0,20672.8420928842,4,,1.0,20672.8420928842,1,False,0.036,4.761999999,1.905,,
263,4742,PHYTASE CCUF,0,V200,34193.0,31610,1080.84073,4740,,10,Etanks & Fermenter,0,0,0,366240,0,58.329999999,0,1.669999999,611620.79963376,1,2,5,0,7.78,0,19.0,32190.5684017768,4,,1.0,32190.5684017768,1,False,0.046,6.115999999,2.446,,
264,4742,PHYTASE CCUF,0,V218,34193.0,31610,1080.84073,4740,,10,Etanks & Fermenter,0,0,0,366240,0,58.329999999,0,1.669999999,611620.79963376,1,2,5,0,7.78,0,19.0,32190.5684017768,4,,1.0,32190.5684017768,1,False,0.046,6.115999999,2.446,,
265,4758,PHYTASE CCUF STAB,0,V100,17097.0,29000,495.813,4740,,10,Etanks & Fermenter,0,0,0,168000,0,58.329999999,0,1.669999999,280559.999832,1,2,2,0,7.78,0,19.0,14766.3157806316,4,Yes,2.0,29532.6315612632,1,False,0.05,6.666999999,2.666999999,,
266,4758,PHYTASE CCUF STAB,0,V140,17097.0,40600,694.1382,4740,,10,Etanks & Fermenter,0,0,0,235200,0,58.329999999,0,1.669999999,392783.9997648,1,2,2,0,7.78,0,19.0,20672.8420928842,4,Yes,2.0,41345.6841857684,1,False,0.036,4.761999999,1.905,,
267,4758,PHYTASE CCUF STAB,0,V200,17097.0,63220,1080.87234,4740,,10,Etanks & Fermenter,0,0,0,366240,0,58.329999999,0,1.669999999,611620.79963376,1,2,5,0,7.78,0,19.0,32190.5684017768,4,Yes,2.0,64381.1368035536,1,False,0.046,6.115999999,2.446,,
268,4758,PHYTASE CCUF STAB,0,V218,17097.0,63220,1080.87234,4740,,10,Etanks & Fermenter,0,0,0,366240,0,58.329999999,0,1.669999999,611620.79963376,1,2,5,0,7.78,0,19.0,32190.5684017768,4,Yes,2.0,64381.1368035536,1,False,0.046,6.115999999,2.446,,
269,4764,PEC KPO CCUF,0,V100,977190.0,5541,5414.60979,4762,,5,Etanks & Fermenter,14,0,0,204536,0,118.28,0,1.649999999,337484.399795464,1,2,2,0,15.77,0,61.0,5532.53114418793,4,,1.0,5532.53114418793,1,False,0.24,7.98,3.387999999,,
270,4764,PEC KPO CCUF,0,V140,977190.0,7758,7581.04002,4762,,5,Etanks & Fermenter,14,0,0,286350,0,118.28,0,1.649999999,472477.49971365,1,2,2,0,15.77,0,61.0,7745.53278219098,4,,1.0,7745.53278219098,1,False,0.24,8.0,3.399999999,,
271,4764,PEC KPO CCUF,0,V200,977190.0,12080,11804.4552,4762,,5,Etanks & Fermenter,14,0,0,445888,0,118.28,0,1.649999999,735715.199554112,1,2,3,0,15.77,0,61.0,12060.9049107231,4,,1.0,12060.9049107231,1,False,0.045,5.137999999,1.669999999,,
272,4764,PEC KPO CCUF,0,V218,977190.0,12080,11804.4552,4762,,5,Etanks & Fermenter,14,0,0,445888,0,118.28,0,1.649999999,735715.199554112,1,2,3,0,15.77,0,61.0,12060.9049107231,4,,1.0,12060.9049107231,1,False,0.045,5.137999999,1.669999999,,
273,4781,PLA2 CCDF,0,V100,4489.0,8000,35.912,4778,,18,Etanks & Fermenter,14,0,0,170000,0,63.729999999,0,1.909999999,324699.99983,1,2,1,0,13.539999999,0,41.0,7919.51219097561,4,,1.0,7919.51219097561,1,False,0.076,21.789,10.55,,
274,4781,PLA2 CCDF,0,V140,4489.0,11200,50.2768,4778,,18,Etanks & Fermenter,14,0,0,238000,0,63.729999999,0,1.909999999,454579.999762,1,2,1,0,13.539999999,0,41.0,11087.3170673659,4,,1.0,11087.3170673659,1,False,0.054,15.564,7.535999999,,
275,4781,PLA2 CCDF,0,V200,4489.0,17440,78.28816,4778,,18,Etanks & Fermenter,14,0,0,370600,0,63.729999999,0,1.909999999,707845.9996294,1,2,2,0,13.539999999,0,41.0,17264.5365763268,4,,1.0,17264.5365763268,1,False,0.076,21.789,10.55,,
276,4781,PLA2 CCDF,0,V218,4489.0,17440,78.28816,4778,,18,Etanks & Fermenter,14,0,0,370600,0,63.729999999,0,1.909999999,707845.9996294,1,2,2,0,13.539999999,0,41.0,17264.5365763268,4,,1.0,17264.5365763268,1,False,0.076,21.789,10.55,,
277,4783,CYT PCL CCUF,0,V100,259040.0,2700,699.408,4580,,10,Etanks & Fermenter,0,0,0,112000,0,33.329999999,0,1.79,200480.0,1,2,1,0,5.559999999,0,74.0,2709.18918918919,4,,1.0,2709.18918918919,1,False,0.045,3.182999999,7.5,,
278,4783,CYT PCL CCUF,0,V140,259040.0,3780,979.1712,4580,,10,Etanks & Fermenter,0,0,0,156800,0,33.329999999,0,1.79,280672.0,1,2,1,0,5.559999999,0,74.0,3792.86486486487,4,,1.0,3792.86486486487,1,False,0.032,2.274,5.357,,
279,4783,CYT PCL CCUF,0,V200,259040.0,5886,1524.70944,4580,,10,Etanks & Fermenter,0,0,0,244160,0,33.329999999,0,1.79,437046.4,1,2,2,0,5.559999999,0,74.0,5906.03243243243,4,,1.0,5906.03243243243,1,False,0.041,2.919999999,6.881,,
280,4783,CYT PCL CCUF,0,V218,259040.0,5886,1524.70944,4580,,10,Etanks & Fermenter,0,0,0,244160,0,33.329999999,0,1.79,437046.4,1,2,2,0,5.559999999,0,74.0,5906.03243243243,4,,1.0,5906.03243243243,1,False,0.041,2.919999999,6.881,,
281,5119,XYLANASE CCUF STAB,0,V100,1584.42,3714,5.88453588,4635,,5,V01,4,0,0,67600,0,58.24,0,1.54,104104.0,1,2,1,0,6.389999999,0,56.0,1859.0,4,Yes,2.0,3718.0,1,False,0.044,4.495,7.921,,
282,5119,XYLANASE CCUF STAB,0,V140,1584.42,5200,8.238984,4635,,5,V01,4,0,0,94640,0,58.24,0,1.54,145745.6,1,2,1,0,6.389999999,0,56.0,2602.6,4,Yes,2.0,5205.2,1,False,0.032,3.210999999,5.658,,
283,5119,XYLANASE CCUF STAB,0,V200,1584.42,8097,12.82904874,4635,,5,V01,4,0,0,147368,0,58.24,0,1.54,226946.72,1,2,2,0,6.389999999,0,56.0,4052.62,4,Yes,2.0,8105.24,1,False,0.041,4.123999999,7.267,,
284,5119,XYLANASE CCUF STAB,0,V218,1584.42,8097,12.82904874,4635,,5,V01,4,0,0,147368,0,58.24,0,1.54,226946.72,1,2,2,0,6.389999999,0,56.0,4052.62,4,Yes,2.0,8105.24,1,False,0.041,4.123999999,7.267,,
285,8283,"AMYLASE FONGIQUE CCUF STABILIS?, bulk",0,V100,4012.0,7798,31.285576,4550,,10,Etanks & Fermenter,0,0,0,150459,0,101.819999999,0,1.71,257284.89,1,2,1,0,13.33,0,66.0,3898.25590909091,4,Yes,2.0,7796.51181818182,1,False,0.083,8.253,6.695999999,,
286,8283,"AMYLASE FONGIQUE CCUF STABILIS?, bulk",0,V140,4012.0,10917,43.799004,4550,,10,Etanks & Fermenter,0,0,0,210642,0,101.819999999,0,1.71,360197.82,1,2,1,0,13.33,0,66.0,5457.54272727273,4,Yes,2.0,10915.0854545455,1,False,0.059,5.894999999,4.783,,
287,8283,"AMYLASE FONGIQUE CCUF STABILIS?, bulk",0,V200,4012.0,17000,68.204,4550,,10,Etanks & Fermenter,0,0,0,328000,0,101.819999999,0,1.71,560880.0,1,2,2,0,13.33,0,66.0,8498.18181818182,4,Yes,2.0,16996.3636363636,1,False,0.076,7.570999999,6.142999999,,
288,8283,"AMYLASE FONGIQUE CCUF STABILIS?, bulk",0,V218,4012.0,17000,68.204,4550,,10,Etanks & Fermenter,0,0,0,328000,0,101.819999999,0,1.71,560880.0,1,2,2,0,13.33,0,66.0,8498.18181818182,4,Yes,2.0,16996.3636363636,1,False,0.076,7.570999999,6.142999999,,
289,9084,PME CCUF,0,V100,161326.0,13300,2145.6358,9082,,5,Etanks & Fermenter,0,0,0,148200,0,50.38,0,1.8,266760.0,1,2,2,0,6.639999999,0,20.0,13338.0,4,,1.0,13338.0,1,False,0.109,14.925,0.493,,
290,9084,PME CCUF,0,V140,161326.0,18620,3003.89012,9082,,5,Etanks & Fermenter,0,0,0,207480,0,50.38,0,1.8,373464.0,1,2,2,0,6.639999999,0,20.0,18673.2,4,,1.0,18673.2,1,False,0.078,10.661,0.352,,
291,9084,PME CCUF,0,V200,161326.0,28994,4677.486044,9082,,5,Etanks & Fermenter,0,0,0,323076,0,50.38,0,1.8,581536.8,1,2,4,0,6.639999999,0,20.0,29076.84,4,,1.0,29076.84,1,False,0.1,13.693,0.452,,
292,9084,PME CCUF,0,V218,161326.0,28994,4677.486044,9082,,5,Etanks & Fermenter,0,0,0,323076,0,50.38,0,1.8,581536.8,1,2,4,0,6.639999999,0,20.0,29076.84,4,,1.0,29076.84,1,False,0.1,13.693,0.452,,
293,9085,PME STABILIZED CCUF,0,V100,80663.0,26600,2145.6358,9082,,5,Etanks & Fermenter,0,0,0,148200,0,50.38,0,1.8,266760.0,1,2,2,0,6.639999999,0,20.0,13338.0,4,Yes,2.0,26676.0,1,False,0.109,14.925,0.493,,
294,9085,PME STABILIZED CCUF,0,V140,80663.0,37240,3003.89012,9082,,5,Etanks & Fermenter,0,0,0,207480,0,50.38,0,1.8,373464.0,1,2,2,0,6.639999999,0,20.0,18673.2,4,Yes,2.0,37346.4,1,False,0.078,10.661,0.352,,
295,9085,PME STABILIZED CCUF,0,V200,80663.0,57988,4677.486044,9082,,5,Etanks & Fermenter,0,0,0,323076,0,50.38,0,1.8,581536.8,1,2,4,0,6.639999999,0,20.0,29076.84,4,Yes,2.0,58153.68,1,False,0.1,13.693,0.452,,
296,9085,PME STABILIZED CCUF,0,V218,80663.0,57988,4677.486044,9082,,5,Etanks & Fermenter,0,0,0,323076,0,50.38,0,1.8,581536.8,1,2,4,0,6.639999999,0,20.0,29076.84,4,Yes,2.0,58153.68,1,False,0.1,13.693,0.452,,
297,9935,EPG STABILIZED CCUF,0,V100,43125.0,24000,1035.0,9938,,16,Etanks & Fermenter,7,0,0,156000,0,45.52,0,1.69,263640.0,1,2,2,0,7.86,0,22.0,11983.6363636364,4,Yes,2.0,23967.2727272728,1,False,0.089,8.929,6.25,,
298,9935,EPG STABILIZED CCUF,0,V140,43125.0,33600,1449.0,9938,,16,Etanks & Fermenter,7,0,0,218400,0,45.52,0,1.69,369096.0,1,2,2,0,7.86,0,22.0,16777.0909090909,4,Yes,2.0,33554.1818181818,1,False,0.064,6.378,4.464,,
299,9935,EPG STABILIZED CCUF,0,V200,43125.0,52320,2256.3,9938,,16,Etanks & Fermenter,7,0,0,340080,0,45.52,0,1.69,574735.2,1,2,4,0,7.86,0,22.0,26124.3272727273,4,Yes,2.0,52248.6545454546,1,False,0.082,8.191,5.734,,
300,9935,EPG STABILIZED CCUF,0,V218,43125.0,52320,2256.3,9938,,16,Etanks & Fermenter,7,0,0,340080,0,45.52,0,1.69,574735.2,1,2,4,0,7.86,0,22.0,26124.3272727273,4,Yes,2.0,52248.6545454546,1,False,0.082,8.191,5.734,,
301,9936,EPG CCUF,0,V100,86250.0,12000,1035.0,9938,,16,Etanks & Fermenter,7,0,0,156000,0,45.52,0,1.69,263640.0,1,2,2,0,7.86,0,22.0,11983.6363636364,4,,1.0,11983.6363636364,1,False,0.089,8.929,6.25,,
302,9936,EPG CCUF,0,V140,86250.0,16800,1449.0,9938,,16,Etanks & Fermenter,7,0,0,218400,0,45.52,0,1.69,369096.0,1,2,2,0,7.86,0,22.0,16777.0909090909,4,,1.0,16777.0909090909,1,False,0.064,6.378,4.464,,
303,9936,EPG CCUF,0,V200,86250.0,26160,2256.3,9938,,16,Etanks & Fermenter,7,0,0,340080,0,45.52,0,1.69,574735.2,1,2,4,0,7.86,0,22.0,26124.3272727273,4,,1.0,26124.3272727273,1,False,0.082,8.191,5.734,,
304,9936,EPG CCUF,0,V218,86250.0,26160,2256.3,9938,,16,Etanks & Fermenter,7,0,0,340080,0,45.52,0,1.69,574735.2,1,2,4,0,7.86,0,22.0,26124.3272727273,4,,1.0,26124.3272727273,1,False,0.082,8.191,5.734,,
305,9975,ASPARAGINASE CCUF,0,V100,7966.199999999,3211,25.5794681999968,9973,,23,V01,0,0,0,90596,0,37.5,0,1.52,137705.92,1,2,1,0,5.21,0,43.0,3202.46325581395,4,,1.0,3202.46325581395,1,False,0.115,11.353999999,17.713,,
306,9975,ASPARAGINASE CCUF,0,V140,7966.199999999,4495,35.8080689999955,9973,,23,V01,0,0,0,126835,0,37.5,0,1.52,192789.2,1,2,1,0,5.21,0,43.0,4483.46976744186,4,,1.0,4483.46976744186,1,False,0.082,8.109999999,12.651999999,,
307,9975,ASPARAGINASE CCUF,0,V200,7966.199999999,7000,55.763399999993,9973,,23,V01,0,0,0,197500,0,37.5,0,1.52,300200.0,1,2,2,0,5.21,0,43.0,6981.39534883721,4,,1.0,6981.39534883721,1,False,0.105,10.417,16.25,,
308,9975,ASPARAGINASE CCUF,0,V218,7966.199999999,7000,55.763399999993,9973,,23,V01,0,0,0,197500,0,37.5,0,1.52,300200.0,1,2,2,0,5.21,0,43.0,6981.39534883721,4,,1.0,6981.39534883721,1,False,0.105,10.417,16.25,,
309,9976,ASPARAGINASE CCUF STABILIZED,0,V100,3983.099999999,6422,25.5794681999936,9973,,23,V01,0,0,0,90596,0,37.5,0,1.52,137705.92,1,2,1,0,5.21,0,43.0,3202.46325581395,4,Yes,2.0,6404.9265116279,1,False,0.115,11.353999999,17.713,,
310,9976,ASPARAGINASE CCUF STABILIZED,0,V140,3983.099999999,8991,35.812052099991,9973,,23,V01,0,0,0,126835,0,37.5,0,1.52,192789.2,1,2,1,0,5.21,0,43.0,4483.46976744186,4,Yes,2.0,8966.93953488372,1,False,0.082,8.109999999,12.651999999,,
311,9976,ASPARAGINASE CCUF STABILIZED,0,V200,3983.099999999,14000,55.763399999986,9973,,23,V01,0,0,0,197500,0,37.5,0,1.52,300200.0,1,2,2,0,5.21,0,43.0,6981.39534883721,4,Yes,2.0,13962.7906976744,1,False,0.105,10.417,16.25,,
312,9976,ASPARAGINASE CCUF STABILIZED,0,V218,3983.099999999,14000,55.763399999986,9973,,23,V01,0,0,0,197500,0,37.5,0,1.52,300200.0,1,2,2,0,5.21,0,43.0,6981.39534883721,4,Yes,2.0,13962.7906976744,1,False,0.105,10.417,16.25,,
313,4742,PHYTASE CCUF,0,V42,34193.0,6090,208.23537,4740,,10,Etanks & Fermenter,0,0,0,70560,0,58.332999999,0,1.667,117623.52,1,2,1,0,7.78,0,19.309999999,6091.32677400784,4,,1.0,6091.32677400784,1,False,0.06,7.94,3.169999999,,
314,4758,PHYTASE CCUF STAB,0,V42,17097.0,12180,208.24146,4740,,10,Etanks & Fermenter,0,0,0,70560,0,58.332999999,0,1.669999999,117835.19992944,1,2,1,0,7.78,0,19.309999999,6102.28896610784,4,Yes,2.0,12204.5779322157,1,False,0.06,7.94,3.169999999,,
315,26777,"CLIPASE CCUF, BULK",1,V42,1014.0,840,0.85176,26773,,15,Etanks & Fermenter,0,0,0,30660,0,2666.67,0,3.29,100871.4,1,2,1,0,4.28,0,120.0,840.595,4,,1.0,840.595,1,False,0.004666667,0.186666667,0.14,,
316,27119,"PLS CCUF, BULK",0,V100,37500.0,5200,195.0,27115,,18,Etanks & Fermenter,20,0,0,87500,0,30.832999999,0,2.113999999,184974.9999125,1,2,2,0,4.11,0,35.579999999,5198.84766491565,4,,1.0,5198.84766491565,1,False,0.0,0.0,0.0,,
317,27120,"PLS CCUF STABILIZED, BULK",0,V100,25342.0,7300,184.9966,27115,,18,Etanks & Fermenter,20,0,0,87500,0,0.0,0,2.113999999,184974.9999125,1,2,2,0,4.11,0,35.579999999,5198.84766491565,4,Yes,1.399999999,7278.38672568306,1,False,0.0,0.0,0.0,,
