Year;Machine;PROD;tprep (hrs);tferm (hrs);t_CIP (hrs);total_ferm
2023;F200;INV;14,58333333;67,9;10,58333333;93,06666667
2023;F100;EDP;8,5;69,81666667;18,3;96,61666667
2023;F140;ARF;6,033333333;155,75;21,26666667;183,05
2023;F218;EDP;11,43333333;123,3666667;6,5;141,3
2023;F200;FUM;9,383333333;101,45;9,666666667;120,5
2023;F100;ROM;11,91666667;93,51666667;19,25;124,6833333
2023;F218;GOX;9,666666667;90,25;17,75;117,6666667
2023;F200;GPP;9,216666667;85,76666667;25,03333333;120,0166667
2023;F140;FDA;24,25;131;11,63333333;166,8833333
2023;F100;FUR;10,93333333;53,33333333;23,26666667;87,53333333
2023;F200;MAX;10,91666667;97,56666667;8,75;117,2333333
2023;F218;GOX;13,63333333;83,05;32,36666667;129,05
2023;F140;FUM;10,23333333;100,8333333;10,33333333;121,4
2023;F200;PLA;9,7;139,1333333;21,63333333;170,4666667
2023;F218;ASG;12,6;110,15;12,96666667;135,7166667
2023;F100;XYL;11,5;47,11666667;10,45;69,06666667
2023;F140;BGF;13,81666667;82,86666667;17,95;114,6333333
2023;F100;FUR;19,48333333;59,13333333;13,4;92,01666667
2023;F218;EDX;13,88333333;110,1;9,066666667;133,05
2023;F200;ASP;12,75;81,16666667;19,06666667;112,9833333
2023;F100;EDP;10,8;62,53333333;29,45;102,7833333
2023;F218;TAN;16;85,2;16,11666667;117,3166667
2023;F140;PBN;45,91666667;24,03333333;10,25;80,2
2023;F200;CIN;11,08333333;97,33333333;29,81666667;138,2333333
2023;F100;FUR;21,13333333;53,73333333;13,78333333;88,65
2023;F218;GOX;10,68333333;81,41666667;18,28333333;110,3833333
2023;F100;FDA;28,03333333;149,4;7,783333333;185,2166667
2023;F200;MAX;14,03333333;95,5;8,4;117,9333333
2023;F218;LYX;17,2;135,15;6,766666667;159,1166667
2023;F140;PNR;11,25;32,85;33,21666667;77,31666667
2023;F200;GPP;9,566666667;80,73333333;24,28333333;114,5833333
2023;F100;FUR;11,45;63,01666667;15,68333333;90,15
2023;F218;FRO;13,73333333;95,06666667;10,06666667;118,8666667
2023;F200;EDP;14,73333333;133,2833333;6,683333333;154,7
2023;F218;EDX;16,51666667;108,35;19,08333333;143,95
2023;F140;FUM;13,88333333;100,05;14,53333333;128,4666667
2023;F200;TAN;11,56666667;81,93333333;14,71666667;108,2166667
2023;F218;ASG;15,9;114,9;9,45;140,25
2023;F140;BGF;8,716666667;74,85;12,73333333;96,3
2023;F100;ARO;15,76666667;146,4166667;7,933333333;170,1166667
2023;F200;GOX;15,96666667;90,45;12,26666667;118,6833333
2023;F140;ROM;17,43333333;84,91666667;16,16666667;118,5166667
2023;F200;TAN;14,88333333;88,2;9,183333333;112,2666667
2023;F218;EDP;12,51666667;115,1;16,31666667;143,9333333
2023;F140;MAM;12,01666667;69,1;17,85;98,96666667
2023;F100;BXN;9,783333333;35,76666667;13,41666667;58,96666667
2023;F200;PLA;10,26666667;157,0666667;27,58333333;194,9166667
2023;F100;FUR;17,66666667;51,11666667;25,2;93,98333333
2023;F140;NBA;15;93,71666667;25;133,7166667
2023;F218;TAN;9,766666667;102,2333333;66,58333333;178,5833333
2023;F100;ARF;9;164,5;13,31666667;186,8166667
2023;F200;GPP;9,766666667;85,55;83,81666667;179,1333333
2023;F218;ASP;11,16666667;72,78333333;14,75;98,7
2023;F140;ROM;11,66666667;94,3;20,46666667;126,4333333
2023;F200;GPP;7,366666667;86,6;28,93333333;122,9
2023;F100;EPG;27,43333333;127,6833333;10,21666667;165,3333333
2023;F218;TAN;9,916666667;94,55;9;113,4666667
2023;F200;GPP;14,75;83,85;26,56666667;125,1666667
2023;F218;EDP;14,55;122,4666667;11,23333333;148,25
2023;F100;FUR;15,55;51,83333333;27,51666667;94,9
2023;F140;MAM;10,8;84,88333333;31,36666667;127,05
2023;F200;TAN;9,9;90,38333333;20,16666667;120,45
2023;F218;PLA;10,28333333;127,5833333;19,41666667;157,2833333
2023;F100;GOP;11,78333333;38,2;27;76,98333333
2023;F140;ROM;12,13333333;90,11666667;19,08333333;121,3333333
2023;F200;MAX;11,16666667;110,5;10,1;131,7666667
2023;F218;GOX;11,4;101;13,61666667;126,0166667
2023;F100;ASG;17,43333333;119,4;9,95;146,7833333
2023;F140;PNR;15,41666667;25,71666667;8,666666667;49,8
2023;F200;INV;9,633333333;56,81666667;12,15;78,6
2023;F218;MXB;15,31666667;126,6666667;10,13333333;152,1166667
2023;F100;EDP;10,5;75,46666667;18,73333333;104,7
2023;F200;GPP;14,16666667;101,7;25,33333333;141,2
2023;F100;FUM;19,35;96,4;8,683333333;124,4333333
2023;F218;EDP;12,78333333;113,9166667;15,6;142,3
2023;F200;TAN;8,766666667;102,0666667;10,6;121,4333333
2023;F100;XYL;12,26666667;49,43333333;8,466666667;70,16666667
2023;F218;GOX;17,56666667;106,35;11,63333333;135,55
2023;F200;ASP;12,08333333;84;12,81666667;108,9
2023;F140;GPP;9,933333333;78,6;25;113,5333333
2023;F100;FUR;20,75;50,36666667;19,28333333;90,4
2023;F218;ASG;15,06666667;111,8;21,91666667;148,7833333
2023;F200;GOX;9,633333333;117,8666667;11,36666667;138,8666667
2023;F100;ARO;17,96666667;142,5666667;18,41666667;178,95
2023;F140;PNR;19,75;26,25;22,63333333;68,63333333
2023;F200;INV;11,35;71,41666667;37,38333333;120,15
2023;F218;EDX;11,01666667;124,75;5,9;141,6666667
2023;F140;GPP;21,53333333;71,6;24,85;117,9833333
2023;F200;MAX;13,25;75,96666667;10,76666667;99,98333333
2023;F100;PI-PLC;38,51666667;51,18333333;21,98333333;111,6833333
2023;F140;GPP;11,23333333;74,63333333;25,05;110,9166667
2023;F218;FRO;17,2;95,88333333;14,83333333;127,9166667
2023;F100;INV;10,93333333;60,91666667;9,4;81,25
2023;F140;PNR;14,48333333;27,65;19,76666667;61,9
2023;F200;EDP;14,5;120,8833333;16,06666667;151,45
2023;F140;PEC KPO;20,48333333;136,6833333;9,25;166,4166667
2023;F100;MAX KPO;147,8666667;89,36666667;7,8;245,0333333
2023;F218;GOX;10,85;123,1;10,48333333;144,4333333
2023;F140;GPP;63,45;78,33333333;26,23333333;168,0166667
2023;F100;GOP;9,733333333;37,9;32,15;79,78333333
2023;F218;EDP;13,43333333;121,3833333;8,983333333;143,8
2023;F140;FUM;11,53333333;99,8;12,46666667;123,8
2023;F200;GPP;13,65;81,78333333;28,11666667;123,55
2023;F100;BXN;15,91666667;39,86666667;7,683333333;63,46666667
2023;F100;ARF;14,01666667;152,8666667;6,133333333;173,0166667
2023;F218;ASP;13,46666667;69,85;23,61666667;106,9333333
2023;F200;CIN;20,58333333;107,8333333;7,6;136,0166667
2023;F140;PBN;18,66666667;25,11666667;7,583333333;51,36666667
2023;F218;ASG;12,9;108,9;25,6;147,4
2023;F200;LYX;16,18333333;127,4166667;11,06666667;154,6666667
2023;F100;FUR;20,25;52,85;14,35;87,45
2023;F140;PBN;13,48333333;25,01666667;8,883333333;47,38333333
2023;F218;TAN;10,98333333;90,43333333;5,683333333;107,1
2023;F100;XYL;14,96666667;43,43333333;10,58333333;68,98333333
2023;F200;TAN;9,1;96,08333333;5,166666667;110,35
2023;F218;ASG;11,25;105,3666667;18,88333333;135,5
2023;F200;PLA;9,65;131,75;9,916666667;151,3166667
2023;F100;FUM;10,85;104,1333333;4,4;119,3833333
2023;F140;EDP;24,66666667;97,86666667;10,63333333;133,1666667
2023;F218;EDP;14,41666667;126,5166667;8,05;148,9833333
2023;F200;GOX;10,55;106,1833333;27,75;144,4833333
2023;F100;MAM;12,5;85,03333333;14,21666667;111,75
2023;F140;BGF;24,68333333;82,5;7;114,1833333
2023;F218;EDX;13,41666667;118,5166667;9,833333333;141,7666667
2023;F100;PME;19,58333333;115,8166667;8,4;143,8
2023;F200;MXB;37,4;117,5333333;13,08333333;168,0166667
2023;F140;ROM;11,01666667;85,2;18,68333333;114,9
2023;F140;FUM;13,56666667;100,6666667;6,116666667;120,35
2023;F200;GPP;15,26666667;78,06666667;26,61666667;119,95
2023;F100;XYL;39,13333333;52,38333333;7,316666667;98,83333333
2023;F218;ASP;11,66666667;81,11666667;12,81666667;105,6
2023;F100;FUM;11,95;101,7;7,85;121,5
2023;F200;MAM;13,35;86,68333333;20,31666667;120,35
2023;F140;FUM;12,9;100,25;12,41666667;125,5666667
2023;F218;FRO;15,56666667;93,23333333;11,48333333;120,2833333
2023;F200;GOX;13,66666667;100,55;28,6;142,8166667
2023;F100;FDA;15,36666667;125,0666667;17,2;157,6333333
2023;F140;BXN;17,18333333;42,75;7,35;67,28333333
2023;F218;EDX;11;123,7;7,966666667;142,6666667
2023;F200;MAX;27,06666667;97,8;8,35;133,2166667
2023;F140;PNR;13,33333333;22,21666667;16,3;51,85
2023;F100;GOP;9,633333333;41,16666667;23,53333333;74,33333333
2023;F140;MAM;12,83333333;86,11666667;21,81666667;120,7666667
2023;F218;GOX;9,9;113,6833333;28,08333333;151,6666667
2023;F200;INV;8,183333333;68,93333333;13,21666667;90,33333333
2023;F100;XYL;15,06666667;43,46666667;17,23333333;75,76666667
2023;F140;BGF;14,06666667;75,36666667;9,05;98,48333333
2023;F200;INV;9,283333333;65,13333333;9,166666667;83,58333333
2023;F218;FRO;17,16666667;106,05;8,533333333;131,75
2023;F100;GOP;8,833333333;39,86666667;17,63333333;66,33333333
2023;F200;CIN;14,23333333;106,6333333;7,333333333;128,2
2023;F140;MAM;11,58333333;82,91666667;30,88333333;125,3833333
2023;F100;GOP;15,28333333;39,18333333;26,73333333;81,2
2023;F218;PLA;11,21666667;145,8;14,96666667;171,9833333
2023;F100;GOP;8,583333333;32,26666667;10,15;51
2023;F200;GPP;9,516666667;71,33333333;29,35;110,2
2023;F100;FUM;8,766666667;101,8;18,21666667;128,7833333
2023;F218;ASG;31,7;114,0333333;10,98333333;156,7166667
2023;F140;FUM;7,533333333;102,6666667;8,583333333;118,7833333
2023;F200;GPP;15,51666667;65,91666667;29,01666667;110,45
2023;F100;ROM;15,88333333;94,28333333;21,81666667;131,9833333
2023;F218;EDP;12,11666667;106,2333333;15,9;134,25
2023;F140;BGF;16,08333333;71,4;19,66666667;107,15
2023;F200;MAX;19,13333333;113,4;11,01666667;143,55
2023;F100;MAM;15,71666667;87,11666667;50,95;153,7833333
2023;F140;BXN;13,2;39,78333333;6,5;59,48333333
2023;F218;MXB;8,1;129,25;5,183333333;142,5333333
2023;F200;GPP;20,48333333;68,16666667;32,38333333;121,0333333
2023;F218;FRO;15;99,86666667;6,966666666;121,8333333
2023;F140;BGF;43,5;77,35;7,3;128,15
2023;F100;NBA;10,48333333;99,8;18,11666667;128,4
2023;F140;PNR;15,6;24,86666667;14,36666667;54,83333333
2023;F218;PLA;15,56666667;142,4333333;14,45;172,45
2023;F200;CIN;13,13333333;106,6833333;12,15;131,9666667
2023;F140;FDA;16,66666667;139,05;8,633333333;164,35
2023;F100;FUR;10,86666667;49,21666667;14,3;74,38333333
2023;F100;FUM;10,01666667;111,5;11,36666667;132,8833333
2023;F200;TAN;9,116666667;90,88333333;13,8;113,8
2023;F140;FUM;9,333333333;100,7;14,4;124,4333333
2023;F218;FRO;14,15;97,18333333;24,05;135,3833333
2023;F100;FUM;14;92,51666667;11,78333333;118,3
2023;F200;GPP;9,883333333;76,58333333;22,41666667;108,8833333
2023;F218;GOX;9;95,95;13,93333333;118,8833333
2023;F140;ROM;11,98333333;85,4;19,36666667;116,75
2023;F100;GOP;8,383333333;45,78333333;7,033333333;61,2
2023;F100;FUM;8,466666667;111,0833333;9,35;128,9
2023;F218;EDX;13,65;138,7166667;5,85;158,2166667
2023;F140;FUM;17,11666667;121,6166667;17,8;156,5333333
2023;F200;MAM;12,53333333;84,26666667;26,3;123,1
2023;F100;FUM;14,9;100,3333333;18,88333333;134,1166667
2023;F200;GPP;11,01666667;69,3;19,18333333;99,5
2023;F218;EDP;11,53333333;133,7333333;14,85;160,1166667
2023;F140;FUM;8,45;115,7166667;7,65;131,8166667
2023;F200;GPP;13,36666667;76,73333333;38,16666667;128,2666667
2023;F100;ARF;9,283333333;144,45;65,85;219,5833333
2023;F140;FDA;24,66666667;147;8,366666667;180,0333333
2023;F200;MAX;12,9;113,0166667;16,6;142,5166667
2023;F218;GOX;9,466666667;96,36666667;34,7;140,5333333
2023;F100;GOP;9,65;33,33333333;13,45;56,43333333
2023;F200;GPP;9,916666667;87,2;53,18333333;150,3
2023;F140;ROM;7,25;80,56666667;14,85;102,6666667
2023;F100;EDP;9,916666667;75,06666667;19;103,9833333
2023;F100;PI-PLC;11,58333333;49,85;23,95;85,38333333
2023;F200;MXB;11,1;118,7833333;26,36666667;156,25
2023;F140;MAM;12,08333333;82,73333333;20;114,8166667
2023;F100;MAM;8,866666667;83,31666667;16,38333333;108,5666667
2023;F218;MXB;12,01666667;118,5333333;15,4;145,95
2023;F140;ROM;13,28333333;88,56666667;55,78333333;157,6333333
2023;F200;CIN;10,91666667;121,1;6,2;138,2166667
2023;F100;XYL;10,65;50,6;49,88333333;111,1333333
2023;F218;EDX;17,21666667;110;81,51666667;208,7333333
2023;F140;FUM;8,3;131,6;42,45;182,35
2023;F200;INV;9,716666667;70,28333333;70,36666667;150,3666667
2023;F100;FUR;13,38333333;56,48333333;14,7;84,56666667
2022;F200;GPP;10,06666667;75,95;28,43333333;114,45
2022;F140;BXN;15,96666667;34,73333333;10,91666667;61,61666667
2022;F218;ASG;9,416666667;105,7833333;27,18333333;142,3833333
2022;F100;FUR;15,95;67,51666667;17,13333333;100,6
2022;F140;GPP;10,86666667;68,11666667;23,85;102,8333333
2022;F200;GPP;8,266666667;69,78333333;24,56666667;102,6166667
2022;F100;ROM;9,166666667;85,01666667;27,46666667;121,65
2022;F218;FRO;33,35;88,43333333;6,3;128,0833333
2022;F140;FLW;14,06666667;68,53333333;23,5;106,1
2022;F200;PLA;11,98333333;140,1166667;10,2;162,3
2022;F218;ASP;13,85;88,28333333;21,88333333;124,0166667
2022;F140;PBN;12,33333333;23,63333333;12,78333333;48,75
2022;F100;ARF;11,78333333;144,6666667;10,33333333;166,7833333
2022;F140;XYL;14,88333333;56,63333333;7,033333333;78,55
2022;F200;MAX;14,26666667;96,13333333;13,45;123,85
2022;F218;LYX;14,88333333;123,4666667;9,983333333;148,3333333
2022;F140;FDA;28,61666667;119,8166667;22,51666667;170,95
2022;F100;MAM;12,2;88,86666667;15,28333333;116,35
2022;F200;GOX;10,61666667;87,28333333;44,01666667;141,9166667
2022;F218;FRO;15,05;101,8166667;13,31666667;130,1833333
2022;F100;MAM;11,4;87,16666667;15,61666667;114,1833333
2022;F140;GPP;19,55;64,06666667;23,85;107,4666667
2022;F200;INV;14,08333333;64,23333333;9,466666667;87,78333333
2022;F218;ASG;11,6;105,4666667;10,43333333;127,5
2022;F100;ARF;12,38333333;148,5333333;8,516666667;169,4333333
2022;F140;PNR;11,3;51,21666667;31,31666667;93,83333333
2022;F218;EDP;14,33333333;113,35;31,03333333;158,7166667
2022;F200;MAX;13,2;92,68333333;11,78333333;117,6666667
2022;F140;XYL;13,51666667;53,26666667;9,716666667;76,5
2022;F100;FUR;15,71666667;48,76666667;12,83333333;77,31666667
2022;F140;FLW;10,68333333;69,85;23,7;104,2333333
2022;F200;GPP;10,78333333;69,85;24,15;104,7833333
2022;F218;EDX;19,93333333;122,0833333;7,283333333;149,3
2022;F100;FUM;12,21666667;100,3;25,86666667;138,3833333
2022;F140;XYL;12,08333333;0;2,3;14,38333333
2022;F200;FRO;27,66666667;93,66666667;6,783333333;128,1166667
2022;F140;PBN;10,21666667;23,06666667;29,51666667;62,8
2022;F218;GOX;8,7;101,85;25,88333333;136,4333333
2022;F100;GOP;8,216666667;37,5;9,05;54,76666667
2022;F140;PBN;10,38333333;23,41666667;27,48333333;61,28333333
2022;F200;GPP;15,6;66,88333333;32,98333333;115,4666667
2022;F100;PLS;15,81666667;93,63333333;12,96666667;122,4166667
2022;F140;BGF;22,18333333;75,71666667;15,78333333;113,6833333
2022;F218;EDP;13,33333333;123,7;7,283333333;144,3166667
2022;F200;MAX;14,16666667;94,36666667;14,95;123,4833333
2022;F100;FUR;18,05;51,28333333;17,85;87,18333333
2022;F140;GPP;11,45;65,7;41,68333333;118,8333333
2022;F218;TAN;10,68333333;88,61666667;22,06666667;121,3666667
2022;F200;FRO;12,28333333;104,0333333;8,5;124,8166667
2022;F100;EDP;8,6;53,13333333;14,45;76,18333333
2022;F140;GPP;18,16666667;68,41666667;26,23333333;112,8166667
2022;F218;ASP;13,61666667;105,2166667;8,083333333;126,9166667
2022;F100;MAM;10,58333333;80,85;22,85;114,2833333
2022;F140;XYL;15,1;48,16666667;8;71,26666667
2022;F218;EDX;11,3;102,7666667;10,16666667;124,2333333
2022;F200;GOX;9,25;118,05;24,61666667;151,9166667
2022;F100;ROM;8,166666667;83,63333333;18,06666667;109,8666667
2022;F140;MAM;12,05;89,45;16,48333333;117,9833333
2022;F218;EDP;11,93333333;128,8166667;11,61666667;152,3666667
2022;F200;CIN;9,55;101,4666667;11,98333333;123
2022;F100;MAM;11,91666667;83,91666667;22,6;118,4333333
2022;F140;FLW;10,25;67,68333333;24,61666667;102,55
2022;F218;TAN;9,95;87,71666667;39,46666667;137,1333333
2022;F100;ARO;15,35;144,2833333;8,883333333;168,5166667
2022;F200;MXB;10,51666667;109,0666667;27,11666667;146,7
2022;F140;GPP;11,56666667;60,5;28,58333333;100,65
2022;F218;GOX;10,11666667;106,8666667;31,18333333;148,1666667
2022;F200;FRO;13,36666667;92,33333333;13,55;119,25
2022;F100;FUR;16,41666667;51,48333333;22,95;90,85
2022;F140;GPP;10,85;65,76666667;26,6;103,2166667
2022;F218;TAN;10,51666667;77,05;21,26666667;108,8333333
2022;F100;EDP;11,96666667;55,55;10,18333333;77,7
2022;F140;GPP;11,2;60,96666667;29,38333333;101,55
2022;F100;FUR;16,31666667;50,66666667;17,36666667;84,35
2022;F200;GPP;10,23333333;66,78333333;25,83333333;102,85
2022;F218;LYX;15,31666667;126,4833333;16,55;158,35
2022;F140;GPP;10,78333333;65,38333333;28,4;104,5666667
2022;F200;INV;10,7;62,38333333;13,28333333;86,36666667
2022;F100;ROM;11,15;85,18333333;24,23333333;120,5666667
2022;F218;GOX;9,966666667;100,1833333;19,6;129,75
2022;F140;BXN;14,36666667;38,71666667;10,2;63,28333333
2022;F200;PEC;11,55;100,5833333;11,05;123,1833333
2022;F100;EPG;24,8;136,6666667;10,28333333;171,75
2022;F140;GPP;13,45;67,51666667;26,5;107,4666667
2022;F218;GOX;13,4;99,21666667;27,88333333;140,5
2022;F200;INV;10,08333333;60,01666667;16,46666667;86,56666667
2022;F140;MAX;11,13333333;98,21666667;16,08333333;125,4333333
2022;F100;MAM;13,35;90,58333333;13,55;117,4833333
2022;F200;EDP;11,86666667;114,1166667;15,36666667;141,35
2022;F218;FRO;19,93333333;101,7166667;8,116666667;129,7666667
2022;F140;FDA;34,9;140,15;12,85;187,9
2022;F218;EDX;14,18333333;89,75;19,45;123,3833333
2022;F100;FUR;19,83333333;48,08333333;16,98333333;84,9
2022;F140;MAM;9;82,13333333;17,46666667;108,6
2022;F100;PME;14,86666667;140,5666667;9,05;164,4833333
2022;F218;PLA;13,1;140,0833333;8,1;161,2833333
2022;F200;MAX KPO;86,31666667;75,28333333;8,566666667;170,1666667
2022;F140;PNR;14,95;29,86666667;9,683333333;54,5
2022;F100;FUR;18,98333333;51,33333333;13,58333333;83,9
2022;F200;INV;10,23333333;61,63333333;12,15;84,01666667
2022;F140;GPP;11,53333333;61,66666667;27,96666667;101,1666667
2022;F218;EDP;24,51666667;66,86666667;16,13333333;107,5166667
2022;F200;MAX;12,11666667;100,3;21,28333333;133,7
2022;F100;ARO;15,36666667;145,1;9,1;169,5666667
2022;F140;BGF;14,08333333;79,13333333;10,6;103,8166667
2022;F200;FUM;16,88333333;93,51666667;10,85;121,25
2022;F218;FRO;13,83333333;104,3333333;6,966666667;125,1333333
2022;F140;FLW;19,9;61,15;35,38333333;116,4333333
2022;F100;CPG;21,03333333;129,9333333;7,366666667;158,3333333
2022;F200;GOX;9,05;108,3;28,03333333;145,3833333
2022;F218;TAN;10,68333333;76,08333333;12,01666667;98,78333333
2022;F140;BXN;13,76666667;36,21666667;24,05;74,03333333
2022;F218;EDP;10,9;130,4833333;6,766666667;148,15
2022;F100;PLN;9,333333333;59,7;21,95;90,98333333
2022;F140;PBN;11,21666667;24,91666667;12,38333333;48,51666667
2022;F140;ARF;9,266666667;135,7333333;8,066666667;153,0666667
2022;F100;GOP;6,8;45,53333333;7,733333333;60,06666667
2022;F200;ASP;11,23333333;100,0666667;10,16666667;121,4666667
2022;F218;ASG;12,15;111,1166667;12,35;135,6166667
2022;F100;PLS;16,63333333;102,8333333;7,383333333;126,85
2022;F200;GPP;11,51666667;65,21666667;23,78333333;100,5166667
2022;F140;MAM;13,9;92,98333333;12,4;119,2833333
2022;F218;PLA;11,93333333;131,3666667;18,76666667;162,0666667
2022;F100;FUR;16;42,2;17,56666667;75,76666667
2022;F200;CIN;13,25;104,7666667;10,48333333;128,5
2022;F100;INV;12,36666667;66,71666667;20,33333333;99,41666667
2022;F200;GPP;8,5;51,83333333;27,48333333;87,81666667
2022;F218;TAN;14,38333333;103,6;14,15;132,1333333
2022;F140;FDA;20,16666667;143,6333333;15,3;179,1
2022;F100;FUR;16,23333333;52,55;10,18333333;78,96666667
2022;F200;GPP;21,4;66,7;24,83333333;112,9333333
2022;F218;MXB;11,81666667;107,7666667;11,13333333;130,7166667
2022;F100;MAM;10,88333333;83,75;24,66666667;119,3
2022;F200;GOX;10,31666667;102,5333333;28,96666667;141,8166667
2022;F140;FLW;8,266666667;59,48333333;34,46666667;102,2166667
2022;F218;TAN;11,33333333;98,96666667;19,55;129,85
2022;F100;ROM;9,733333333;84,35;18,91666667;113
2022;F200;MAX;13,1;113,7;8,266666667;135,0666667
2022;F140;NBA;12,31666667;84,46666667;20,88333333;117,6666667
2022;F218;EDX;11,11666667;122,3166667;6,2;139,6333333
2022;F100;GOP;15,66666667;41,28333333;62,53333333;119,4833333
2022;F200;GOX;10,45;100,5833333;26,66666667;137,7
2022;F140;BGF;19,48333333;75,53333333;12;107,0166667
2022;F218;EDP;8,833333333;123,5;8,4;140,7333333
2022;F100;EDP;10,31666667;53,8;25,86666667;89,98333333
2022;F200;FRO;15,1;94,58333333;11,73333333;121,4166667
2022;F218;PLA;18,58333333;150,25;9,533333333;178,3666667
2022;F100;PI-PLC;9,7;46,68333333;20,43333333;76,81666667
2022;F140;MAX;9,8;96,31666667;8,283333333;114,4
2022;F200;TAN;10,76666667;88,31666667;16,11666667;115,2
2022;F100;ASG;13,66666667;100,75;29,46666667;143,8833333
2022;F200;GPP;-16,48333333;89,73333333;24,16666667;97,41666667
2022;F218;PLA;12,58333333;137,5666667;15,18333333;165,3333333
2022;F140;GPP;12,8;59,9;23,13333333;95,83333333
2022;F200;GPP;13,63333333;69,23333333;22,93333333;105,8
2022;F100;FUR;23,81666667;44,85;12,66666667;81,33333333
2022;F218;EDP;12,53333333;131,45;11,36666667;155,35
2022;F100;PLS;18,63333333;100,7;8,516666667;127,85
2022;F140;PNR;14,4;27,2;8,766666667;50,36666667
2022;F200;MAX;10,81666667;103,2666667;8,55;122,6333333
2022;F140;FLW;18,3;66,35;23,61666667;108,2666667
2022;F200;GOX;7,983333333;94,05;39,71666667;141,75
2022;F140;XYL;18;52,21666667;9,2;79,41666667
2022;F140;MAX;9,516666667;95,26666667;8,55;113,3333333
2022;F218;ASP;13,66666667;92,93333333;11,4;118
2022;F200;EDP;17,35;114,65;14,93333333;146,9333333
2022;F140;BGF;11,56666667;71,73333333;13,11666667;96,41666667
2022;F218;PEC;14,71666667;107,1;2,683333333;124,5
2022;F100;FUR;13,73333333;52,38333333;13,43333333;79,55
2022;F140;PNR;12,18333333;23,5;19,7;55,38333333
2022;F200;GPP;11,28333333;64,4;26,88333333;102,5666667
2022;F218;TAN;10;89,26666667;11,86666667;111,1333333
2022;F140;MAM;11,95;83,5;13,95;109,4
2022;F100;GOP;7,483333333;45,75;8,366666667;61,6
2022;F200;FRO;14,4;100,2;8,966666667;123,5666667
2022;F218;EDP;12,65;115,35;15,61666667;143,6166667
2022;F200;MAX;12,86666667;102,8333333;10,73333333;126,4333333
2022;F140;FDA;21,76666667;124,3;15,2;161,2666667
2022;F100;PLN;9,65;54,95;11,06666667;75,66666667
2022;F218;EDP;28,13333333;122,4166667;10,03333333;160,5833333
2022;F200;INV;9,983333333;64,96666667;10,03333333;84,98333333
2022;F100;EPG;23,1;125,6666667;11,38333333;160,15
2022;F200;ASP;11,66666667;83,66666667;10,61666667;105,95
2022;F140;PNR;18,81666667;24,36666667;15,28333333;58,46666667
2022;F218;LYX;19,73333333;124,2833333;7,616666667;151,6333333
2022;F100;ROM;11,41666667;77,01666667;19,4;107,8333333
2022;F200;CIN;13,71666667;97,38333333;7,55;118,65
2022;F140;MAM;12,23333333;82,88333333;16,58333333;111,7
2022;F100;FUR;18,91666667;53,31666667;16,15;88,38333333
2022;F200;GPP;10,4;90,63333333;31,55;132,5833333
2022;F218;GOX;12,35;117,3333333;24,4;154,0833333
2022;F100;MAM;13,86666667;71,31666667;16,55;101,7333333
2022;F140;BXN;14,68333333;35,55;11,81666667;62,05
2022;F200;GPP;10,85;89,95;25,98333333;126,7833333
2022;F140;FUM;10,6;101,4333333;10,36666667;122,4
2022;F218;EDX;14,06666667;114,05;6,083333333;134,2
2022;F100;MAM;12,58333333;82,95;22,7;118,2333333
2022;F200;TAN;11,38333333;84,18333333;11,6;107,1666667
2022;F140;FLW;9,15;77,98333333;19,88333333;107,0166667
2022;F218;GOX;12,58333333;90,7;22,41666667;125,7
2022;F100;FUR;15,1;51,41666667;10,18333333;76,7
2022;F200;GPP;12,88333333;81;26,06666667;119,95
2022;F140;BGF;34,28333333;71,58333333;11,21666667;117,0833333
2022;F100;MAM;40,33333333;89,65;21,81666667;151,8
2022;F218;FRO;13,13333333;99,8;13,16666667;126,1
2022;F200;INV;18,36666667;68,36666667;6,983333333;93,71666667
2022;F140;INV;9,066666667;54,31666667;18,56666667;81,95
2022;F100;ROM;11,9;87,33333333;21,03333333;120,2666667
2022;F200;TAN;9,516666667;93,1;10,61666667;113,2333333
2022;F140;GPP;11,45;82,83333333;28,13333333;122,4166667
2022;F100;CPG;14,81666667;133,95;9,216666666;157,9833333
2022;F218;EDP;12,13333333;124,9333333;11,08333333;148,15
2022;F200;PLA;13,06666667;137,95;15,48333333;166,5
2022;F140;MAX;10,73333333;90,1;9,033333333;109,8666667
2022;F100;FUR;20,73333333;54;16,55;91,28333333
2022;F200;MAX;12,36666667;96,55;7,816666667;116,7333333
2022;F218;TAN;10,26666667;82,81666667;11,86666667;104,95
2022;F140;BGF;11,86666667;67;9,366666667;88,23333333
2022;F200;INV;8,783333333;64,68333333;12,1;85,56666667
2022;F140;MAM;14,66666667;83,23333333;20,03333333;117,9333333
2022;F100;EDP;16,41666667;65,91666667;11,01666667;93,35
2022;F218;FRO;13,23333333;92,18333333;10,25;115,6666667
2022;F218;EDX;11,21666667;99,71666667;13,93333333;124,8666667
2022;F140;FUM;8,05;99,35;19,9;127,3
2022;F200;INV;11,76666667;65,08333333;12,63333333;89,48333333
2022;F100;GOP;5,416666667;41,16666667;17,4;63,98333333
2022;F218;TAN;11,86666667;85,7;12,18333333;109,75
2022;F200;CIN;11,58333333;96,86666667;12,91666667;121,3666667
2022;F100;ARO;12,91666667;136,6333333;6,483333333;156,0333333
2022;F140;FDA;25,01666667;133,05;7,483333333;165,55
2022;F200;EDP;11,83333333;128,9;8,183333333;148,9166667
2022;F100;EDP;14,65;84,03333333;10,36666667;109,05
2022;F140;BXN;18,05;51,48333333;8,166666667;77,7
2022;F218;TAN;12,13333333;87,73333333;12,68333333;112,55